sp_name;aesthe_score
Abalistes_stellatus;1508.023
Abudefduf_abdominalis;1504.3175
Abudefduf_bengalensis;1385.1897
Abudefduf_concolor;1434.8481
Abudefduf_conformis;1421.0225
Abudefduf_luridus;1587.095
Abudefduf_notatus;1375.9985
Abudefduf_saxatilis;1476.2231
Abudefduf_septemfasciatus;1436.0403
Abudefduf_sexfasciatus;1652.0703
Abudefduf_sordidus;1363.285
Abudefduf_sparoides;1512.7744
Abudefduf_troschelii;1457.8928
Abudefduf_vaigiensis;1441.3163
Abudefduf_whitleyi;1478.0117
Acanthaluteres_brownii;1489.2302
Acanthaluteres_spilomelanurus;1512.3491
Acanthaluteres_vittiger;1573.7119
Acanthemblemaria_atrata;1260.7051
Acanthemblemaria_castroi;1418.4338
Acanthemblemaria_crockeri;1361.8452
Acanthemblemaria_hancocki;1362.3544
Acanthemblemaria_spinosa;1322.5325
Acanthemblemaria_stephensi;1365.5676
Acanthistius_cinctus;1602.2229
Acanthistius_ocellatus;1396.9666
Acanthistius_pardalotus;1310.5015
Acanthistius_patachonicus;1382.3656
Acanthistius_sebastoides;1315.4075
Acanthistius_serratus;1189.8064
Acanthochromis_polyacanthus;1499.7473
Acanthopagrus_australis;1255.3466
Acanthopagrus_latus;1187.185
Acanthostracion_polygonius;1690.079
Acanthostracion_quadricornis;1635.688
Acanthurus_achilles;1564.5798
Acanthurus_albipectoralis;1454.019
Acanthurus_auranticavus;1475.0842
Acanthurus_bahianus;1804.743
Acanthurus_bariene;1639.583
Acanthurus_blochii;1682.147
Acanthurus_chirurgus;1530.2114
Acanthurus_chronixis;1493.023
Acanthurus_coeruleus;1808.11
Acanthurus_dussumieri;1591.272
Acanthurus_fowleri;1586.1997
Acanthurus_gahhm;1459.8541
Acanthurus_grammoptilus;1640.4786
Acanthurus_guttatus;1604.0798
Acanthurus_leucocheilus;1572.432
Acanthurus_leucopareius;1469.2407
Acanthurus_leucosternon;1870.82
Acanthurus_lineatus;1917.0204
Acanthurus_maculiceps;1607.5024
Acanthurus_mata;1683.412
Acanthurus_nigricans;1709.461
Acanthurus_nigricauda;1370.9316
Acanthurus_nigrofuscus;1562.6637
Acanthurus_nigroris;1560.4371
Acanthurus_nubilus;1550.6538
Acanthurus_olivaceus;1649.809
Acanthurus_pyroferus;1665.0464
Acanthurus_reversus;1583.5986
Acanthurus_sohal;1698.0228
Acanthurus_tennentii;1662.25041852688
Acanthurus_thompsoni;1360.3678
Acanthurus_triostegus;1601.775
Acanthurus_tristis;1478.122
Acanthurus_xanthopterus;1486.7289
Achoerodus_gouldii;1513.0717
Achoerodus_viridis;1510.3435
Aetapcus_maculatus;1470.3533
Aethaloperca_rogaa;1588.5294
Afurcagobius_tamarensis;1368.8524
Aioliops_brachypterus;1476.381
Aioliops_novaeguineae;1254.8787
Albula_glossodonta;1237.746
Alectis_ciliaris;1336.7205
Alloclinus_holderi;1427.3304
Allomycterus_pilatus;1472.9896
Alphestes_immaculatus;1510.3021
Altrichthys_azurelineatus;1421.8921
Altrichthys_curatus;1462.4418
Aluterus_scriptus;1608.1896
Amanses_scopas;1466.009
Ambassis_jacksoniensis;1327.6875
Amblycirrhitus_bimacula;1394.8323
Amblycirrhitus_earnshawi;1349.9833
Amblycirrhitus_pinos;1454.9655
Amblyeleotris_fasciata;1357.9485
Amblyeleotris_guttata;1470.9946
Amblyeleotris_gymnocephala;1296.466
Amblyeleotris_japonica;1360.3741
Amblyeleotris_periophthalma;1454.2373
Amblyeleotris_steinitzi;1383.633
Amblyeleotris_sungami;1356.9629
Amblyeleotris_wheeleri;1444.8875
Amblyglyphidodon_aureus;1658.964
Amblyglyphidodon_batunai;1443.958
Amblyglyphidodon_curacao;1379.7534
Amblyglyphidodon_flavilatus;1461.699
Amblyglyphidodon_indicus;1521.4922
Amblyglyphidodon_leucogaster;1371.922
Amblyglyphidodon_melanopterus;1267.2938
Amblyglyphidodon_orbicularis;1411.5405
Amblyglyphidodon_ternatensis;1609.588
Amblygobius_buanensis;1307.338
Amblygobius_bynoensis;1301.5459
Amblygobius_decussatus;1491.854
Amblygobius_nocturnus;1213.3569
Amblygobius_phalaena;1594.4556
Amblyrhynchotes_honckenii;1424.1896
Ammodytes_tobianus;1270.6172
Amphichaetodon_howensis;1707.7839
Amphichthys_cryptocentrus;1289.9777
Amphiprion_akallopisos;1613.5715
Amphiprion_akindynos;1582.4883
Amphiprion_allardi;1701.6387
Amphiprion_bicinctus;1709.8564
Amphiprion_chrysopterus;1777.805
Amphiprion_clarkii;1607.4429
Amphiprion_ephippium;1708.5635
Amphiprion_frenatus;1687.4753
Amphiprion_fuscocaudatus;1618.0498
Amphiprion_latezonatus;1573.0422
Amphiprion_leucokranos;1566.637
Amphiprion_mccullochi;1609.5696
Amphiprion_melanopus;1726.4187
Amphiprion_nigripes;1541.7242
Amphiprion_ocellaris;1703.2319
Amphiprion_percula;1754.4348
Amphiprion_perideraion;1575.5327
Amphiprion_rubrocinctus;1657.7715
Amphiprion_sandaracinos;1553.1953
Anampses_caeruleopunctatus;1730.1138
Anampses_cuvier;1674.7795
Anampses_elegans;1612.0044
Anampses_femininus;1688.448
Anampses_geographicus;1399.2029
Anampses_lennardi;1769.8582
Anampses_lineatus;1680.4567
Anampses_melanurus;1682.1074
Anampses_meleagrides;1854.134
Anampses_neoguinaicus;1542.8147
Anampses_twistii;1602.05
Anarrhichthys_ocellatus;1486.7755
Anisotremus_caesius;1278.0325
Anisotremus_davidsonii;1181.9349
Anisotremus_interruptus;1287.9479
Anisotremus_scapularis;1330.359
Anisotremus_surinamensis;1311.5085
Anisotremus_taeniatus;1530.6821
Anisotremus_virginicus;1660.9802
Anoplocapros_amygdaloides;1654.1633
Anoplocapros_inermis;1810.0027
Anoplocapros_lenticularis;1706.7864
Anyperodon_leucogrammicus;1682.9514
Aphareus_furca;1235.55
Aphareus_rutilans;1323.7504
Aploactisoma_milesii;1316.3699
Aplodactylus_arctidens;1283.1444
Aplodactylus_etheridgii;1581.3145
Aplodactylus_lophodon;1321.6139
Aplodactylus_westralis;1318.6613
Apogon_atradorsatus;1289.0033
Apogon_atricaudus;1381.7433
Apogon_binotatus;1338.3337
Apogon_dovii;1332.575
Apogon_imberbis;1402.5764
Apogon_lachneri;1403.3408
Apogon_maculatus;1471.7048
Apogon_pacificus;1433.2057
Apogon_retrosella;1254.2197
Apogon_townsendi;1412.863
Apogonichthyoides_timorensis;1356.2324
Apolemichthys_trimaculatus;1721.1812
Aprion_virescens;1192.8422
Aracana_aurita;1985.3121
Aracana_ornata;1912.028
Archamia_bleekeri;1267.3857
Arcos_poecilophthalmos;1404.7362
Arenigobius_frenatus;1259.5559
Argyrosomus_hololepidotus;1193.0015
Argyrosomus_japonicus;1282.3218
Arothron_caeruleopunctatus;1481.0411
Arothron_diadematus;1448.42
Arothron_hispidus;1590.9263
Arothron_inconditus;1508.8948
Arothron_manilensis;1421.7654
Arothron_mappa;1626.3552
Arothron_meleagris;1483.233
Arothron_nigropunctatus;1548.8842
Arothron_stellatus;1627.2023
Arripis_georgianus;1172.4537
Arripis_trutta;1209.6833
Arripis_truttacea;1193.5466
Arripis_xylabion;1323.1104
Artedius_harringtoni;1519.0605
Aspasmogaster_tasmaniensis;1287.8165
Aspidontus_dussumieri;1356.3611
Aspidontus_taeniatus;1523.808
Assessor_flavissimus;1551.2413
Assessor_macneilli;1625.3274
Assessor_randalli;1622.0111
Assiculus_punctatus;1581.9586
Asterropteryx_striata;1246.0698
Atherina_hepsetus;1307.5529
Atherina_presbyter;1151.1667
Atherinomorus_vaigiensis;1158.4246
Atractoscion_aequidens;1199.2463
Atrosalarias_holomelas;1284.4121
Atule_mate;1226.9922
Atypichthys_latus;1567.704
Atypichthys_strigatus;1565.426
Aulacocephalus_temminckii;1642.093
Aulorhynchus_flavidus;1355.2527
Austrolabrus_maculatus;1408.3899
Axoclinus_cocoensis;1331.5393
Axoclinus_lucillae;1466.4539
Axoclinus_multicinctus;1400.9381
Axoclinus_rubinoffi;1477.7041
Azurina_eupalama;1339.9508
Balistapus_undulatus;2007.7928
Balistes_capriscus;1709.5105
Balistes_polylepis;1553.6353
Balistes_punctatus;1738.427
Balistes_vetula;1785.4336
Balistoides_conspicillum;1706.7241
Balistoides_viridescens;1607.5735
Bathygobius_krefftii;1359.6163
Bathygobius_lineatus;1372.9199
Bathystethus_cultratus;1183.7335
Batrachoides_boulengeri;1271.5853
Belone_belone;1122.0869
Belonoperca_chabanaudi;1562.605
Blenniella_chrysospilos;1324.5312
Bodianus_albotaeniatus;1615.5721
Bodianus_anthioides;1610.002
Bodianus_axillaris;1578.839
Bodianus_bilunulatus;1550.6284
Bodianus_diana;1474.7756
Bodianus_dictynna;1529.6726
Bodianus_diplotaenia;1560.547
Bodianus_eclancheri;1625.4331
Bodianus_frenchii;1482.0952
Bodianus_loxozonus;1675.0034
Bodianus_mesothorax;1547.391
Bodianus_perditio;1485.3657
Bodianus_rufus;1562.0542
Bodianus_scrofa;1580.8108
Bodianus_unimaculatus;1484.382
Bolbometopon_muricatum;1415.751
Boops_boops;1152.6465
Boopsoidea_inornata;1278.2781
Boreogadus_saida;1260.3853
Bothragonus_occidentalis;1277.2062
Bovichtus_angustifrons;1311.2366
Bovichtus_argentinus;1345.0474
Brachaluteres_jacksonianus;1705.931
Brachionichthys_hirsutus;1653.0039
Brachyistius_frenatus;1290.1072
Bryaninops_amplus;1353.7577
Bryaninops_erythrops;1362.8364
Bryaninops_natans;1275.6104
Bryaninops_nexus;1317.0835
Bryaninops_yongei;1384.7817
Caesio_caerulaurea;1396.6771
Caesio_cuning;1441.3821
Caesio_lunaris;1531.5767
Caesio_striata;1353.7898
Caesio_suevica;1410.7595335467
Caesio_teres;1479.8058
Caesio_varilineata;1428.0172
Caesio_xanthonota;1430.9062
Caesioperca_lepidoptera;1345.7125
Caesioperca_rasor;1411.468
Caesioscorpis_theagenes;1183.2573
Caffrogobius_nudiceps;1419.6334
Calamus_bajonado;1313.1978
Calamus_brachysomus;1273.205
Calamus_calamus;1500.7499
Calamus_pennatula;1300.7495
Calamus_taurinus;1253.6436
Callanthias_australis;1542.8347
Calliclinus_geniguttatus;1543.4414
Callionymus_comptus;1274.5253
Callionymus_lyra;1528.8016
Calloplesiops_altivelis;1942.7224
Calotomus_carolinus;1658.7128
Calotomus_japonicus;1346.9606
Calotomus_spinidens;1313.6877
Calotomus_viridescens;1490.5957
Cantherhines_dumerilii;1522.0505
Cantherhines_fronticinctus;1509.303
Cantherhines_longicaudus;1477.6047
Cantherhines_macrocerus;1577.0563
Cantherhines_pardalis;1558.4404
Cantherhines_pullus;1507.7001
Cantherhines_sandwichiensis;1448.0144
Cantheschenia_grandisquamis;1497.8755
Canthidermis_maculata;1472.666
Canthidermis_sufflamen;1440.6746
Canthigaster_amboinensis;1665.4841
Canthigaster_axiologus;1432.1072
Canthigaster_bennetti;1476.9868
Canthigaster_callisterna;1594.9011
Canthigaster_capistrata;1452.1978
Canthigaster_coronata;1455.4963
Canthigaster_cyanetron;1270.2961
Canthigaster_epilampra;1582.669
Canthigaster_figueiredoi;1470.5898
Canthigaster_jactator;1756.3198
Canthigaster_janthinoptera;1695.3431
Canthigaster_marquesensis;1409.9727
Canthigaster_papua;1664.5476
Canthigaster_punctatissima;1775.4474
Canthigaster_rapaensis;1410.6189
Canthigaster_rivulata;1646.0256
Canthigaster_rostrata;1608.8691
Canthigaster_sanctaehelenae;1439.7213
Canthigaster_smithae;1515.3396
Canthigaster_valentini;1596.605
Caprodon_longimanus;1529.5337
Caracanthus_maculatus;1366.1086
Caracanthus_typicus;1499.7288
Caracanthus_unipinna;1313.8518
Carangoides_bajad;1453.0686
Carangoides_bartholomaei;1240.7395
Carangoides_chrysophrys;1302.7224
Carangoides_ferdau;1289.818
Carangoides_fulvoguttatus;1295.729
Carangoides_gymnostethus;1311.8042
Carangoides_orthogrammus;1294.9186
Carangoides_plagiotaenia;1205.95
Caranx_caballus;1207.7012
Caranx_caninus;1233.0328
Caranx_crysos;1228.4581
Caranx_ignobilis;1305.3799
Caranx_lugubris;1249.522
Caranx_melampygus;1346.31708758395
Caranx_papuensis;1257.782
Caranx_sexfasciatus;1302.3861
Caulolatilus_princeps;1228.7382
Centroberyx_affinis;1381.155
Centroberyx_gerrardi;1434.2139
Centroberyx_lineatus;1437.936
Centrogenys_vaigiensis;1466.3468
Centrolabrus_exoletus;1387.2201
Centrolabrus_melanocercus;1386.8005
Centropogon_australis;1351.742
Centropyge_acanthops;1668.4576
Centropyge_argi;1393.9385
Centropyge_bicolor;1682.5969
Centropyge_bispinosa;1649.5667
Centropyge_eibli;1623.2002
Centropyge_ferrugata;1469.3885
Centropyge_fisheri;1750.2827
Centropyge_flavissima;1685.0493
Centropyge_heraldi;1557.8912
Centropyge_hotumatua;1894.3323
Centropyge_joculator;1605.2968
Centropyge_loriculus;1705.7456
Centropyge_multispinis;1600.8665
Centropyge_nox;1357.7028
Centropyge_tibicen;1505.5193
Cephalopholis_argus;1585.6118
Cephalopholis_boenak;1426.2004
Cephalopholis_cruentata;1507.492
Cephalopholis_cyanostigma;1502.8835
Cephalopholis_formosa;1804.7888
Cephalopholis_fulva;1559.3336
Cephalopholis_hemistiktos;1457.1343
Cephalopholis_leopardus;1510.7789
Cephalopholis_microprion;1435.0377
Cephalopholis_miniata;1763.9487
Cephalopholis_panamensis;1498.4985
Cephalopholis_sexmaculata;1602.4653
Cephalopholis_sonnerati;1697.117
Cephalopholis_spiloparaea;1336.764
Cephalopholis_urodeta;1520.3953
Cetoscarus_bicolor;1648.8759
Chaenopsis_schmitti;1441.5002
Chaetodermis_penicilligerus;1700.9678
Chaetodipterus_faber;1598.939
Chaetodipterus_zonatus;1521.731
Chaetodon_adiergastos;1681.138
Chaetodon_andamanensis;1642.4497
Chaetodon_argentatus;1619.489
Chaetodon_assarius;1627.5544
Chaetodon_aureofasciatus;1679.3416
Chaetodon_auriga;1711.7655
Chaetodon_auripes;1647.5831
Chaetodon_austriacus;1737.543
Chaetodon_baronessa;1779.6548
Chaetodon_bennetti;1720.8644
Chaetodon_capistratus;1690.0546
Chaetodon_citrinellus;1627.4077
Chaetodon_collare;1738.16
Chaetodon_decussatus;1641.9388
Chaetodon_dolosus;1634.1589
Chaetodon_ephippium;1703.0808
Chaetodon_falcula;1650.4031
Chaetodon_fasciatus;1810.9768
Chaetodon_flavirostris;1736.369
Chaetodon_guentheri;1651.9893
Chaetodon_guttatissimus;1684.1946
Chaetodon_humeralis;1587.5786
Chaetodon_interruptus;1686.6018
Chaetodon_kleinii;1681.1626
Chaetodon_lineolatus;1683.7186
Chaetodon_litus;1556.1324
Chaetodon_lunula;1800.5476
Chaetodon_lunulatus;1818.1865
Chaetodon_madagaskariensis;1637.138
Chaetodon_marleyi;1700.0883
Chaetodon_melannotus;1732.3499
Chaetodon_mertensii;1603.5881
Chaetodon_meyeri;1759.5187
Chaetodon_miliaris;1661.714
Chaetodon_multicinctus;1618.663
Chaetodon_ocellatus;1635.2855
Chaetodon_ocellicaudus;1809.8689
Chaetodon_octofasciatus;1645.439
Chaetodon_ornatissimus;1779.7948
Chaetodon_oxycephalus;1583.5464
Chaetodon_paucifasciatus;1757.797
Chaetodon_pelewensis;1817.3182
Chaetodon_plebeius;1733.4773
Chaetodon_punctatofasciatus;1728.087
Chaetodon_quadrimaculatus;1655.2732
Chaetodon_rafflesii;1768.842
Chaetodon_rainfordi;1732.2506
Chaetodon_reticulatus;1768.6693
Chaetodon_sedentarius;1547.3792
Chaetodon_semeion;1673.2784
Chaetodon_semilarvatus;1770.8802
Chaetodon_speculum;1673.2849
Chaetodon_striatus;1686.8851
Chaetodon_triangulum;1718.9442
Chaetodon_trichrous;1550.2726
Chaetodon_tricinctus;1768.6609
Chaetodon_trifascialis;1732.3347
Chaetodon_trifasciatus;1787.5977
Chaetodon_ulietensis;1637.1733
Chaetodon_unimaculatus;1626.818
Chaetodon_vagabundus;1665.6663
Chaetodon_xanthocephalus;1701.9031
Chaetodon_xanthurus;1734.3584
Chaetodon_zanzibarensis;1685.2375
Chaetodontoplus_conspicillatus;1714.4263
Chaetodontoplus_duboulayi;1702.0342
Chaetodontoplus_meredithi;1661.3727
Chaetodontoplus_mesoleucus;1527.2556
Chaetodontoplus_personifer;1644.3337
Chaetodontoplus_septentrionalis;2045.2472
Chaetodontoplus_vanderloosi;1520.1295
Champsocephalus_esox;1287.6597
Chanos_chanos;1280.308
Cheilinus_abudjubbe;1580.4581
Cheilinus_chlorourus;1444.7927
Cheilinus_fasciatus;1556.1812
Cheilinus_lunulatus;1427.1069
Cheilinus_oxycephalus;1529.6621
Cheilinus_trilobatus;1526.0945
Cheilinus_undulatus;1559.1982
Cheilio_inermis;1391.8492
Cheilodactylus_ephippium;1460.1366
Cheilodactylus_fasciatus;1361.9814
Cheilodactylus_francisi;1444.124
Cheilodactylus_fuscus;1451.7168
Cheilodactylus_gibbosus;1584.718
Cheilodactylus_nigripes;1470.3142
Cheilodactylus_pixi;1345.314
Cheilodactylus_plessisi;1418.1904
Cheilodactylus_rubrolabiatus;1542.3389
Cheilodactylus_spectabilis;1461.3306
Cheilodactylus_vestitus;1541.9324
Cheilodactylus_zebra;1497.7148
Cheilodactylus_zonatus;1507.2307
Cheilodipterus_arabicus;1340.1165
Cheilodipterus_artus;1301.8433
Cheilodipterus_intermedius;1296.5647
Cheilodipterus_isostigmus;1345.9993
Cheilodipterus_lachneri;1355.42
Cheilodipterus_macrodon;1451.4722
Cheilodipterus_nigrotaeniatus;1394.1162
Cheilodipterus_parazonatus;1309.968
Cheilodipterus_quinquelineatus;1413.962
Cheiloprion_labiatus;1677.394
Chelidonichthys_capensis;1347.2104
Chelmon_marginalis;1795.8562
Chelmon_rostratus;1764.8833
Chelmonops_curiosus;1759.8583
Chelmonops_truncatus;1717.2185
Chelon_auratus;1232.0342
Chelon_labrosus;1219.3625
Chelon_ramada;1128.7653
Chelon_richardsonii;1197.0253
Chelonodon_pleurospilus;1420.9857
Chilomycterus_antennatus;1513.525
Chilomycterus_reticulatus;1418.585
Chirodactylus_brachydactylus;1219.6329
Chirolophis_ascanii;1275.991
Chironemus_maculosus;1407.9768
Chironemus_marmoratus;1368.8438
Chironemus_microlepis;1448.788
Chlorurus_atrilunula;1644.0912
Chlorurus_bleekeri;1720.4546
Chlorurus_bowersi;1817.583
Chlorurus_capistratoides;1563.1943
Chlorurus_frontalis;1575.8042
Chlorurus_gibbus;1713.339
Chlorurus_japanensis;1595.8146
Chlorurus_microrhinos;1677.044
Chlorurus_rhakoura;1351.505
Chlorurus_sordidus;1706.5239
Chlorurus_spilurus;1672.6848
Chlorurus_strongylocephalus;1673.0636
Choerodon_anchorago;1500.608
Choerodon_azurio;1542.1039
Choerodon_cauteroma;1637.24
Choerodon_cephalotes;1520.2937
Choerodon_cyanodus;1359.1636
Choerodon_fasciatus;1638.8665
Choerodon_graphicus;1513.83673106666
Choerodon_jordani;1402.9309
Choerodon_monostigma;1393.3354
Choerodon_rubescens;1291.4316
Choerodon_schoenleinii;1631.8512
Choerodon_vitta;1324.3638
Chriolepis_dialepta;1436.0842
Chromis_abrupta;1377.3329
Chromis_acares;1394.925
Chromis_agilis;1433.8354
Chromis_alpha;1314.0322
Chromis_alta;1618.6086
Chromis_amboinensis;1444.0398
Chromis_analis;1706.6132
Chromis_atrilobata;1295.4648
Chromis_atripectoralis;1553.55597624497
Chromis_atripes;1320.4679
Chromis_bami;1377.2097
Chromis_caudalis;1350.0824
Chromis_chromis;1498.6171
Chromis_chrysura;1508.2728
Chromis_cinerascens;1332.4675
Chromis_crusma;1338.4727
Chromis_cyanea;1618.942
Chromis_dimidiata;1533.4419
Chromis_dispilus;1263.1292
Chromis_elerae;1296.6583
Chromis_flavaxilla;1341.6667
Chromis_flavipectoralis;1411.8029
Chromis_flavomaculata;1366.9744
Chromis_fumea;1389.897
Chromis_hanui;1454.3499
Chromis_hypsilepis;1443.914
Chromis_insolata;1489.0419
Chromis_iomelas;1532.439
Chromis_klunzingeri;1429.3628
Chromis_lepidolepis;1382.0997
Chromis_limbata;1466.4977
Chromis_limbaughi;1584.9899
Chromis_lineata;1372.7664
Chromis_margaritifer;1406.2168
Chromis_multilineata;1267.8181
Chromis_nigrura;1440.9421
Chromis_nitida;1577.246
Chromis_notata;1376.2881
Chromis_opercularis;1323.4976
Chromis_ovalis;1373.7494
Chromis_pamae;1254.7921
Chromis_pelloura;1436.7092
Chromis_pembae;1418.9695
Chromis_punctipinnis;1295.1836
Chromis_randalli;1372.8376
Chromis_retrofasciata;1507.4316
Chromis_scotochiloptera;1307.3425
Chromis_scotti;1701.312
Chromis_ternatensis;1422.998
Chromis_vanderbilti;1518.9359
Chromis_viridis;1589.5834
Chromis_weberi;1317.53593143744
Chromis_westaustralis;1218.7261
Chromis_xanthochira;1458.495
Chromis_xanthura;1390.0532
Chromis_xutha;1255.3115
Chrysiptera_biocellata;1719.7556
Chrysiptera_bleekeri;1555.2968
Chrysiptera_brownriggii;1626.826
Chrysiptera_caesifrons;1497.7561
Chrysiptera_cyanea;1732.467
Chrysiptera_flavipinnis;1639.9517
Chrysiptera_galba;1530.9471
Chrysiptera_glauca;1695.7112
Chrysiptera_hemicyanea;1742.4532
Chrysiptera_notialis;1239.9308
Chrysiptera_oxycephala;1415.4214
Chrysiptera_parasema;1808.5242
Chrysiptera_rapanui;1516.8623
Chrysiptera_rex;1477.9634
Chrysiptera_rollandi;1508.4062
Chrysiptera_springeri;1776.1243
Chrysiptera_starcki;1643.562
Chrysiptera_talboti;1423.06
Chrysiptera_taupou;1674.3145
Chrysiptera_traceyi;1430.2717
Chrysiptera_tricincta;1505.7909
Chrysiptera_unimaculata;1590.8657
Chrysoblephus_cristiceps;1357.811
Chrysoblephus_gibbiceps;1502.917
Chrysoblephus_laticeps;1479.6447
Cirrhilabrus_cyanopleura;1484.4087
Cirrhilabrus_exquisitus;1602.866
Cirrhilabrus_flavidorsalis;1452.6196
Cirrhilabrus_katherinae;1481.2576
Cirrhilabrus_laboutei;1666.1372
Cirrhilabrus_lineatus;1694.7078
Cirrhilabrus_punctatus;1582.2871
Cirrhilabrus_randalli;1428.8074
Cirrhilabrus_scottorum;1498.5723
Cirrhilabrus_solorensis;1506.2439
Cirrhilabrus_temminckii;1701.5619
Cirrhilabrus_walindi;1435.8604
Cirrhitichthys_aprinus;1628.9236
Cirrhitichthys_falco;1754.331
Cirrhitichthys_oxycephalus;1763.8467
Cirrhitops_fasciatus;1596.5364
Cirrhitops_hubbardi;1462.6782
Cirrhitus_pinnulatus;1545.529
Cirrhitus_rivulatus;1689.0604
Cirripectes_alboapicalis;1611.7646
Cirripectes_alleni;1306.3599
Cirripectes_auritus;1445.7239
Cirripectes_castaneus;1484.8091
Cirripectes_chelomatus;1425.92
Cirripectes_filamentosus;1374.8386
Cirripectes_fuscoguttatus;1484.794
Cirripectes_hutchinsi;1378.2747
Cirripectes_polyzona;1348.2366
Cirripectes_springeri;1414.922
Cirripectes_stigmaticus;1575.9106
Cirripectes_vanderbilti;1410.2069
Cirripectes_variolosus;1329.0529
Cleidopus_gloriamaris;1928.227
Clepticus_parrae;1524.076
Clinus_latipennis;1280.2528
Clinus_superciliosus;1485.2737
Clinus_venustris;1535.1724
Cnidoglanis_macrocephalus;1270.7332
Cochleoceps_bicolor;1600.1838
Cochleoceps_orientalis;1511.3312
Conger_verreauxi;1191.4794
Congiopodus_peruvianus;1273.4122
Conniella_apterygia;1571.2792
Coradion_altivelis;1672.7362
Coradion_chrysozonus;1667.7784
Coris_auricularis;1451.3477
Coris_aurilineata;1544.9137
Coris_aygula;1609.0249
Coris_batuensis;1557.438
Coris_bulbifrons;1585.5024
Coris_caudimacula;1464.1993
Coris_centralis;1330.2473
Coris_cuvieri;1513.0372
Coris_debueni;1424.8147
Coris_dorsomacula;1454.8911
Coris_formosa;1638.1228
Coris_gaimard;1679.1588
Coris_hewetti;1685.3157
Coris_julis;1526.0151
Coris_picta;1465.1146
Coris_pictoides;1458.9558
Coris_roseoviridis;1533.173
Coris_sandeyeri;1519.6935
Coris_venusta;1573.0487
Coryphopterus_alloides;1272.0762
Coryphopterus_dicrus;1315.0665
Coryphopterus_eidolon;1411.8579
Coryphopterus_glaucofraenum;1347.5571
Coryphopterus_hyalinus;1339.0795
Coryphopterus_lipernes;1416.9237
Coryphopterus_personatus;1396.8716
Coryphopterus_thrix;1357.4445
Coryphopterus_tortugae;1282.8131
Coryphopterus_urospilus;1459.2534
Cratinus_agassizii;1223.4474
Cremnochorites_capensis;1285.0833
Crenimugil_crenilabis;1239.5447
Cristiceps_aurantiacus;1481.4777
Crocodilichthys_gracilis;1540.8826
Cromileptes_altivelis;1701.993
Crossosalarias_macrospilus;1409.2969
Cryptichthys_jojettae;1454.7949
Cryptocentrus_caeruleomaculatus;1399.727
Cryptocentrus_caeruleopunctatus;1419.0405
Cryptocentrus_cryptocentrus;1316.2166
Cryptocentrus_fasciatus;1428.4963
Cryptocentrus_strigilliceps;1382.6354
Ctenochaetus_binotatus;1698.5942
Ctenochaetus_cyanocheilus;1633.3828
Ctenochaetus_flavicauda;1641.5615
Ctenochaetus_hawaiiensis;1884.5906
Ctenochaetus_marginatus;1720.678
Ctenochaetus_striatus;1614.6956
Ctenochaetus_tominiensis;1590.978
Ctenochaetus_truncatus;1619.9419
Ctenogobiops_aurocingulus;1273.5017
Ctenogobiops_crocineus;1327.7229
Ctenogobiops_feroculus;1316.0583
Ctenogobiops_maculosus;1349.2954
Ctenogobiops_mitodes;1291.5093
Ctenogobiops_pomastictus;1258.8838
Ctenogobiops_tangaroai;1439.9713
Ctenolabrus_rupestris;1253.4437
Cybiosarda_elegans;1312.2148
Cyclichthys_orbicularis;1427.3381
Cymatoceps_nasutus;1385.8914
Cymatogaster_aggregata;1262.8911
Cymbacephalus_beauforti;1277.0721
Cypho_purpurascens;1599.4272
Cypho_zaps;1524.2233
Cyprinocirrhites_polyactis;1439.281
Dactylophora_nigricans;1277.4574
Dactylopus_dactylopus;1464.2546
Daector_reticulata;1302.5336
Daector_schmitti;1387.5432
Dascyllus_albisella;1563.3616
Dascyllus_aruanus;1672.289
Dascyllus_carneus;1647.8154
Dascyllus_flavicaudus;1727.7822
Dascyllus_marginatus;1525.0277
Dascyllus_melanurus;1650.104
Dascyllus_reticulatus;1499.2355
Dascyllus_strasburgi;1447.8727
Dascyllus_trimaculatus;1766.6998
Decapterus_koheru;1283.4854
Decapterus_macarellus;1191.333
Decapterus_muroadsi;1205.3492
Decapterus_punctatus;1204.082
Dellichthys_morelandi;1474.5162
Dendrochirus_barberi;1648.7328
Dendrochirus_zebra;1781.51
Dentex_dentex;1280.4333
Dermatolepis_dermatolepis;1669.2161
Diademichthys_lineatus;1483.4409
Diagramma_labiosum;1541.9493
Diagramma_melanacrum;1428.035
Dialommus_fuscus;1352.4775
Dicentrarchus_labrax;1200.6089
Dicentrarchus_punctatus;1245.9229
Dichistius_capensis;1236.5197
Dicotylichthys_punctulatus;1421.2706
Didogobius_amicuscaridis;1350.4763
Dinolestes_lewini;1195.0391
Diodon_holocanthus;1495.9473
Diodon_hystrix;1477.8584
Diodon_liturosus;1574.5275
Diodon_nicthemerus;1588.0167
Diplodus_annularis;1385.12
Diplodus_argenteus;1284.8044
Diplodus_capensis;1254.6116
Diplodus_cervinus;1354.4839
Diplodus_puntazzo;1244.285
Diplodus_sargus;1303.6282
Diplodus_vulgaris;1382.5284
Diplogrammus_goramensis;1448.7642
Diplogrammus_xenicus;1346.7904
Diploprion_bifasciatum;1562.479
Diproctacanthus_xanthurus;1424.3364
Dipterygonotus_balteatus;1277.5616
Dischistodus_chrysopoecilus;1352.2087
Dischistodus_darwiniensis;1513.4353
Dischistodus_melanotus;1474.1152
Dischistodus_perspicillatus;1490.0355
Dischistodus_prosopotaenia;1520.9667
Dischistodus_pseudochrysopoecilus;1483.944
Doratonotus_megalepis;1463.4819
Dotalabrus_alleni;1620.6047
Dotalabrus_aurantiacus;1394.1685
Dules_auriga;1357.6793
Echeneis_naucrates;1475.177
Echeneis_neucratoides;1394.817
Echidna_nebulosa;1400.3358
Echidna_nocturna;1426.8721
Ecsenius_aequalis;1287.1344
Ecsenius_alleni;1358.6238
Ecsenius_bandanus;1428.3292
Ecsenius_bathi;1420.4514
Ecsenius_bicolor;1439.082
Ecsenius_fijiensis;1368.4851
Ecsenius_fourmanoiri;1518.5874
Ecsenius_frontalis;1380.8871
Ecsenius_gravieri;1361.9746
Ecsenius_kurti;1411.134
Ecsenius_lineatus;1412.5164
Ecsenius_lividanalis;1482.9524
Ecsenius_midas;1478.8716
Ecsenius_minutus;1372.6516
Ecsenius_nalolo;1411.651
Ecsenius_namiyei;1373.6101
Ecsenius_oculatus;1477.9531
Ecsenius_prooculis;1472.9822
Ecsenius_randalli;1294.5015
Ecsenius_schroederi;1435.003
Ecsenius_stictus;1353.7325
Ecsenius_stigmatura;1553.5426
Ecsenius_tigris;1360.0486
Ecsenius_tricolor;1444.9099
Ecsenius_trilineatus;1345.5989
Ecsenius_yaeyamaensis;1345.8213
Ekemblemaria_myersi;1378.0698
Elacatinus_atronasus;1453.0911
Elacatinus_cayman;1365.4236
Elacatinus_centralis;1280.357
Elacatinus_evelynae;1485.7678
Elacatinus_figaro;1549.9377
Elacatinus_genie;1525.4026
Elacatinus_horsti;1277.346
Elacatinus_jarocho;1435.8105
Elacatinus_oceanops;1515.3091
Elacatinus_prochilos;1363.6567
Elacatinus_puncticulatus;1442.7319
Elacatinus_randalli;1437.1699
Elacatinus_xanthiprora;1472.7876
Elagatis_bipinnulata;1243.2886
Eleotrica_cableae;1399.824
Elops_affinis;1162.9142
Embiotoca_jacksoni;1385.7578
Embiotoca_lateralis;1371.8718
Emblemariopsis_pricei;1364.2563
Emblemariopsis_signifer;1339.5027
Enchelycore_lichenosa;1425.9119
Enchelycore_ramosa;1412.0658
Engraulis_australis;1165.5994
Enneanectes_carminalis;1441.5167
Enneanectes_smithi;1383.9808
Enneapterygius_atrogulare;1509.4597
Enneapterygius_hemimelas;1437.3185
Enneapterygius_kermadecensis;1348.1613
Enneapterygius_larsonae;1536.8147
Enneapterygius_mirabilis;1317.0034
Enneapterygius_rufopileus;1447.3501
Enneapterygius_similis;1517.1293
Enophrys_diceraus;1273.447
Enoplosus_armatus;1765.3384
Entomacrodus_chapmani;1313.0009
Entomacrodus_solus;1265.5283
Eocallionymus_papilio;1429.402
Epibulus_brevis;1414.6681
Epibulus_insidiator;1631.6525
Epinephelides_armatus;1410.5388
Epinephelus_adscensionis;1522.6919
Epinephelus_akaara;1609.6567
Epinephelus_albomarginatus;1316.709
Epinephelus_analogus;1377.2101
Epinephelus_areolatus;1483.201
Epinephelus_bilobatus;1343.6523
Epinephelus_bleekeri;1371.4236
Epinephelus_bruneus;1127.4019
Epinephelus_coeruleopunctatus;1371.959
Epinephelus_coioides;1544.2571
Epinephelus_corallicola;1376.9229
Epinephelus_costae;1426.4421
Epinephelus_cyanopodus;1573.786
Epinephelus_daemelii;1194.9419
Epinephelus_fasciatus;1616.6797
Epinephelus_fuscoguttatus;1401.6797
Epinephelus_guttatus;1507.7952
Epinephelus_hexagonatus;1526.3
Epinephelus_irroratus;1386.625
Epinephelus_itajara;1415.225
Epinephelus_labriformis;1495.297
Epinephelus_lanceolatus;1336.8713
Epinephelus_longispinis;1316.5403
Epinephelus_macrospilos;1673.699
Epinephelus_maculatus;1536.1913
Epinephelus_malabaricus;1380.901
Epinephelus_marginatus;1527.7795
Epinephelus_melanostigma;1489.2422
Epinephelus_merra;1622.4377
Epinephelus_morio;1384.1521
Epinephelus_multinotatus;1392.1415
Epinephelus_ongus;1859.2363
Epinephelus_polyphekadion;1423.8374
Epinephelus_quoyanus;1623.6199
Epinephelus_rivulatus;1250.9783
Epinephelus_socialis;1454.0217
Epinephelus_spilotoceps;1433.0261
Epinephelus_striatus;1417.1313
Epinephelus_tauvina;1405.4529
Epinephelus_tukula;1580.0051
Epinephelus_undulatostriatus;1461.606
Equetus_punctatus;1570.644
Eubalichthys_bucephalus;1394.207
Eubalichthys_caeruleoguttatus;1466.854
Eubalichthys_cyanoura;1483.9832
Eubalichthys_gunnii;1713.5332
Eubalichthys_mosaicus;2056.1865
Eucinostomus_dowii;1265.0427
Eupetrichthys_angustipes;1470.3892
Euthynnus_affinis;1186.6827
Euthynnus_lineatus;1233.2336
Eutrigla_gurnardus;1227.2869
Eviota_albolineata;1487.819
Eviota_atriventris;1529.0132
Eviota_bifasciata;1376.7899
Eviota_bimaculata;1512.5474
Eviota_fasciola;1465.3578
Eviota_guttata;1426.3021
Eviota_hoesei;1549.9495
Eviota_lachdeberei;1341.0547
Eviota_latifasciata;1383.1157
Eviota_melasma;1495.9429
Eviota_mikiae;1372.408
Eviota_nigriventris;1430.1852
Eviota_pellucida;1465.9706
Eviota_prasites;1377.8062
Eviota_raja;1470.6537
Eviota_readerae;1445.884
Eviota_rubriceps;1287.7439
Eviota_sebreei;1384.8419
Eviota_sigillata;1517.2161
Eviota_storthynx;1350.1149
Eviota_zebrina;1457.4829
Evistias_acutirostris;1735.5626
Evynnis_cardinalis;1422.1206
Exallias_brevis;1721.994
Exyrias_belissimus;1386.5815
Favonigobius_lateralis;1353.4265
Foetorepus_calauropomus;1229.3784
Forcipiger_flavissimus;1663.1116
Forcipiger_longirostris;1713.07880275742
Forsterygion_capito;1348.5132
Forsterygion_flavonigrum;1478.4111
Forsterygion_gymnotum;1416.3525
Forsterygion_lapillum;1352.3828
Forsterygion_malcolmi;1382.301
Forsterygion_maryannae;1345.1409
Forsterygion_varium;1448.5107
Furcina_osimae;1376.0605
Fusigobius_duospilus;1332.3499
Fusigobius_inframaculatus;1493.7554
Fusigobius_melacron;1397.4507
Fusigobius_neophytus;1368.9292
Fusigobius_signipinnis;1364.1451
Gadus_morhua;1327.4672
Gasterosteus_aculeatus;1263.6576
Genicanthus_caudovittatus;1514.9775
Genicanthus_lamarck;1592.8005
Genicanthus_semicinctus;1683.8573
Genicanthus_watanabei;1698.9918
Genypterus_tigerinus;1243.5654
Gerres_cinereus;1222.4454
Gerres_equulus;1178.018
Gerres_subfasciatus;1228.948
Gillellus_chathamensis;1255.7827
Girella_cyanea;1575.069
Girella_elevata;1286.2639
Girella_fimbriata;1345.1228
Girella_freminvillii;1314.3029
Girella_nigricans;1497.1115
Girella_punctata;1319.1548
Girella_simplicidens;1335.5737
Girella_tephraeops;1253.699
Girella_tricuspidata;1288.3148
Girella_zebra;1417.5122
Glaucosoma_hebraicum;1575.0927
Glaucosoma_magnificum;1446.773
Glaucosoma_scapulare;1222.8345
Glyptoparus_delicatulus;1282.3645
Gnathanacanthus_goetzeei;1446.7649
Gnathanodon_speciosus;1517.26
Gnathodentex_aureolineatus;1370.052
Gnatholepis_anjerensis;1316.0964
Gnatholepis_cauerensis;1330.6725
Gnatholepis_thompsoni;1349.9158
Gobiesox_woodsi;1287.707
Gobioclinus_dendriticus;1518.463
Gobiodon_citrinus;1627.8162
Gobiodon_heterospilos;1496.1814
Gobiodon_histrio;1603.8352
Gobiodon_okinawae;1543.925
Gobiodon_quinquestrigatus;1456.96
Gobiodon_spilophthalmus;1378.7188
Gobiosoma_hildebrandi;1249.1646
Gobiosoma_spilotum;1212.3715
Gobius_bucchichi;1324.7485
Gobius_cruentatus;1428.7263
Gobius_fallax;1380.9893
Gobius_niger;1354.4567
Gobius_paganellus;1381.5092
Gobius_tetrophthalmus;1338.0215
Gobius_xanthocephalus;1458.7893
Gobiusculus_flavescens;1421.9017
Gomphosus_caeruleus;1575.5198
Gomphosus_varius;1593.9507
Gorgasia_galzini;1401.3735
Gracila_albomarginata;1503.0759
Gramma_brasiliensis;1528.4526
Gramma_loreto;1533.386
Grammatorcynus_bicarinatus;1187.7434
Grammatorcynus_bilineatus;1250.747
Grammistes_sexlineatus;1708.6221
Gunnellichthys_monostigma;1382.9058
Gymnocaesio_gymnoptera;1258.626
Gymnocanthus_tricuspis;1320.5625
Gymnoclinus_cristulatus;1380.0195
Gymnocranius_audleyi;1286.7808
Gymnocranius_euanus;1380.1287
Gymnocranius_microdon;1237.791
Gymnocrotaphus_curvidens;1452.0323
Gymnomuraena_zebra;1527.1033
Gymnosarda_unicolor;1188.3816
Gymnothorax_annasona;1363.7473
Gymnothorax_breedeni;1250.0941
Gymnothorax_castaneus;1363.822
Gymnothorax_cribroris;1235.0142
Gymnothorax_dovii;1347.1874
Gymnothorax_eurostus;1447.1167
Gymnothorax_favagineus;1568.0684
Gymnothorax_fimbriatus;1425.6201
Gymnothorax_flavimarginatus;1307.4243
Gymnothorax_funebris;1485.9933
Gymnothorax_javanicus;1424.6931
Gymnothorax_meleagris;1444.5186
Gymnothorax_miliaris;1427.2163
Gymnothorax_moringa;1477.9578
Gymnothorax_nubilus;1198.5964
Gymnothorax_obesus;1137.3318
Gymnothorax_panamensis;1353.1079
Gymnothorax_pictus;1341.3354
Gymnothorax_porphyreus;1355.9658
Gymnothorax_prasinus;1372.2759
Gymnothorax_prionodon;1374.163
Gymnothorax_thyrsoideus;1364.8627
Gymnothorax_undulatus;1392.4202
Gymnothorax_zonipectis;1369.5199
Haemulon_album;1181.924
Haemulon_aurolineatum;1270.1731
Haemulon_carbonarium;1482.3535
Haemulon_chrysargyreum;1565.6162
Haemulon_flaviguttatum;1249.8932
Haemulon_flavolineatum;1597.8645
Haemulon_macrostomum;1347.3993
Haemulon_maculicauda;1366.6636
Haemulon_melanurum;1437.4626
Haemulon_parra;1290.508
Haemulon_plumierii;1539.8003
Haemulon_sciurus;1570.6624
Haemulon_scudderii;1251.0583
Haemulon_sexfasciatum;1285.8069
Haemulon_steindachneri;1243.8247
Haemulon_vittatum;1446.9598
Haletta_semifasciata;1252.8779
Halichoeres_adustus;1467.1953
Halichoeres_argus;1544.2063
Halichoeres_biocellatus;1600.7808
Halichoeres_bivittatus;1531.9961
Halichoeres_brasiliensis;1539.2076
Halichoeres_brownfieldi;1460.7238
Halichoeres_burekae;1548.913
Halichoeres_chierchiae;1559.924
Halichoeres_chloropterus;1531.1917
Halichoeres_chrysus;1540.5996
Halichoeres_cosmetus;1606.1516
Halichoeres_dimidiatus;1510.276
Halichoeres_discolor;1537.9905
Halichoeres_dispilus;1576.2694
Halichoeres_erdmanni;1419.653
Halichoeres_garnoti;1629.5781
Halichoeres_hartzfeldii;1551.7234
Halichoeres_hortulanus;1620.546
Halichoeres_insularis;1426.631
Halichoeres_iridis;1518.179
Halichoeres_leucoxanthus;1484.5774
Halichoeres_leucurus;1651.5039
Halichoeres_maculipinna;1537.8568
Halichoeres_malpelo;1286.56
Halichoeres_margaritaceus;1506.8066
Halichoeres_marginatus;1729.909
Halichoeres_melanochir;1505.7798
Halichoeres_melanurus;1726.599
Halichoeres_melasmapomus;1556.9404
Halichoeres_miniatus;1450.3728
Halichoeres_nebulosus;1445.5898
Halichoeres_nicholsi;1483.3372
Halichoeres_nigrescens;1490.7407
Halichoeres_notospilus;1459.405
Halichoeres_orientalis;1612.8192
Halichoeres_ornatissimus;1667.409
Halichoeres_pictus;1576.0796
Halichoeres_poeyi;1551.2446
Halichoeres_prosopeion;1527.9421
Halichoeres_radiatus;1628.4575
Halichoeres_richmondi;1721.7285
Halichoeres_salmofasciatus;1474.9365
Halichoeres_scapularis;1625.6522
Halichoeres_semicinctus;1434.7173
Halichoeres_socialis;1571.0424
Halichoeres_solorensis;1459.1299
Halichoeres_tenuispinis;1457.8679
Halichoeres_timorensis;1470.134
Halichoeres_trimaculatus;1395.3833
Halichoeres_trispilus;1423.2806
Helcogramma_chica;1386.9841
Helcogramma_decurrens;1417.4434
Helcogramma_maldivensis;1437.4197
Helcogramma_striata;1470.5349
Helcogrammoides_cunninghami;1380.8518
Helicolenus_percoides;1399.8354
Helotes_sexlineatus;1381.2585
Hemiglyphidodon_plagiometopon;1634.7
Hemigymnus_fasciatus;1522.7773
Hemigymnus_melapterus;1538.4285
Hemilepidotus_jordani;1300.2756
Hemiramphus_depauperatus;1188.2681
Hemitaurichthys_multispinosus;1445.2021
Hemitaurichthys_polylepis;1567.3386
Hemitaurichthys_thompsoni;1188.046
Hemitaurichthys_zoster;1599.224
Heniochus_acuminatus;1727.23481901297
Heniochus_chrysostomus;1625.951
Heniochus_diphreutes;1605.2539
Heniochus_intermedius;1683.231
Heniochus_monoceros;1685.1045
Heniochus_pleurotaenia;1706.578
Heniochus_singularius;1679.1431
Heniochus_varius;1699.7896
Heteroclinus_adelaidae;1484.8943
Heteroclinus_johnstoni;1303.9784
Heteroclinus_perspicillatus;1376.4818
Heteroclinus_roseus;1603.5149
Heteroclinus_tristis;1527.1866
Heteroconger_hassi;1394.2643
Heteropriacanthus_cruentatus;1589.8715
Heteroscarus_acroptilus;1672.6042
Heterostichus_rostratus;1399.065
Hexagrammos_agrammus;1320.9182
Hexagrammos_decagrammus;1611.8132
Hexagrammos_otakii;1298.272
Hexagrammos_stelleri;1195.0107
Hipposcarus_harid;1610.091
Hipposcarus_longiceps;1411.4258
Holacanthus_bermudensis;1789.705
Holacanthus_ciliaris;2019.0776
Holacanthus_clarionensis;1781.8696
Holacanthus_passer;1944.946
Holacanthus_tricolor;1672.5197
Holocentrus_adscensionis;1463.6086
Holocentrus_rufus;1541.1945
Hologymnosus_annulatus;1467.1549
Hologymnosus_doliatus;1651.8
Hoplolatilus_cuniculus;1401.855
Hoplolatilus_starcki;1543.3209
Hoplopagrus_guentherii;1363.2988
Hyperlophus_vittatus;1334.2523
Hypoatherina_barnesi;1159.8907
Hypoplectrodes_annulatus;1429.94
Hypoplectrodes_huntii;1399.0332
Hypoplectrodes_maccullochi;1394.6465
Hypoplectrodes_nigroruber;1422.7932
Hypoplectrus_aberrans;1444.3691
Hypoplectrus_castroaguirrei;1402.7039
Hypoplectrus_chlorurus;1243.5764
Hypoplectrus_gemma;1640.0754
Hypoplectrus_guttavarius;1518.1299
Hypoplectrus_indigo;1543.2405
Hypoplectrus_maya;1673.9512
Hypoplectrus_nigricans;1348.6116
Hypoplectrus_providencianus;1421.3805
Hypoplectrus_puella;1601.457
Hypoplectrus_unicolor;1439.956
Hyporhamphus_affinis;1417.6658
Hyporthodus_flavolimbatus;1396.8091
Hyporthodus_niveatus;1467.6296
Hyporthodus_octofasciatus;1441.6201
Hypsoblennius_proteus;1369.4032
Hypsurus_caryi;1276.2573
Hypsypops_rubicundus;1632.5394
Iniistius_celebicus;1332.8065
Iniistius_pavo;1519.1898
Inimicus_caledonicus;1333.9347
Inimicus_filamentosus;1283.9229
Isocirrhitus_sexfasciatus;1325.4392
Istigobius_campbelli;1458.2278
Istigobius_decoratus;1397.9783
Istigobius_goldmanni;1297.9531
Istigobius_hoesei;1336.6866
Istigobius_nigroocellatus;1365.408
Istigobius_rigilius;1294.8616
Itycirrhitus_wilhelmi;1423.8867
Jenkinsia_lamprotaenia;1190.3181
Johnrandallia_nigrirostris;1753.4598
Jordania_zonope;1523.3152
Karalepis_stewarti;1438.6104
Koumansetta_hectori;1572.0763
Koumansetta_rainfordi;1564.0269
Kuhlia_mugil;1255.9805
Kyphosus_analogus;1312.7297
Kyphosus_azureus;1303.961
Kyphosus_bigibbus;1365.1187
Kyphosus_cinerascens;1380.67507402792
Kyphosus_cornelii;1210.3396
Kyphosus_elegans;1515.1533
Kyphosus_incisor;1277.9211
Kyphosus_ocyurus;1385.769
Kyphosus_sectatrix;1367.9722
Kyphosus_sydneyanus;1259.4878
Kyphosus_vaigiensis;1595.033
Labracinus_cyclophthalmus;1662.2322
Labracinus_lineatus;1416.8057
Labracoglossa_nitida;1442.1716
Labrichthys_unilineatus;1587.562
Labrisomus_cricota;1357.3588
Labrisomus_jenkinsi;1430.5754
Labrisomus_multiporosus;1377.3937
Labrisomus_nuchipinnis;1440.5532
Labrisomus_socorroensis;1302.5531
Labroides_bicolor;1395.388
Labroides_dimidiatus;1589.454
Labroides_pectoralis;1412.858
Labroides_phthirophagus;1548.288
Labroides_rubrolabiatus;1509.064
Labropsis_alleni;1341.354
Labropsis_australis;1482.897
Labropsis_manabei;1447.627
Labropsis_micronesica;1527.5764
Labropsis_xanthonota;1505.0315
Labrus_bergylta;1468.6587
Labrus_merula;1441.9674
Labrus_mixtus;1567.6466
Labrus_viridis;1421.3103
Lachnolaimus_maximus;1727.8342
Lactophrys_bicaudalis;1801.585
Lactophrys_triqueter;1727.6631
Lactoria_diaphana;1442.1666
Lactoria_fornasini;1750.1792
Larabicus_quadrilineatus;1622.6812
Latridopsis_ciliaris;1190.2876
Latridopsis_forsteri;1213.2971
Latropiscis_purpurissatus;1513.8617
Leiocottus_hirundo;1452.4552
Lepidonectes_bimaculatus;1441.4833
Lepidonectes_clarkhubbsi;1377.4294
Lepidonectes_corallicola;1382.8268
Lepidozygus_tapeinosoma;1270.7053
Leptatherina_presbyteroides;1129.9993
Leptocottus_armatus;1202.6685
Leptojulis_cyanopleura;1448.8291
Leptoscarus_vaigiensis;1423.0588
Lesueurigobius_friesii;1415.3774
Lethrinus_amboinensis;1225.5707
Lethrinus_atkinsoni;1356.8182
Lethrinus_borbonicus;1329.5593
Lethrinus_erythracanthus;1516.6145
Lethrinus_erythropterus;1317.7307
Lethrinus_genivittatus;1268.9729
Lethrinus_harak;1306.7319
Lethrinus_laticaudis;1236.7789
Lethrinus_lentjan;1323.6185
Lethrinus_microdon;1262.7653
Lethrinus_miniatus;1480.8706
Lethrinus_nebulosus;1351.0537
Lethrinus_obsoletus;1366.4641
Lethrinus_olivaceus;1272.9038
Lethrinus_ornatus;1374.611
Lethrinus_rubrioperculatus;1198.9828
Lethrinus_variegatus;1303.4965
Lethrinus_xanthochilus;1207.1523
Leviprora_inops;1270.2183
Limnichthys_fasciatus;1302.9308
Liparis_montagui;1373.2683
Lipophrys_pholis;1403.3503
Lithognathus_lithognathus;1135.3191
Lithognathus_mormyrus;1167.3372
Liza_luciae;1210.6265
Lotella_rhacina;1407.9292
Lotilia_graciliosa;1563.2234
Lucayablennius_zingaro;1406.4331
Lutjanus_alexandrei;1413.0015
Lutjanus_analis;1253.097
Lutjanus_apodus;1279.3514
Lutjanus_aratus;1314.064
Lutjanus_argentimaculatus;1314.644
Lutjanus_argentiventris;1487.494
Lutjanus_biguttatus;1521.4805
Lutjanus_bohar;1298.369
Lutjanus_boutton;1383.2051
Lutjanus_campechanus;1311.7465
Lutjanus_carponotatus;1426.0303
Lutjanus_cyanopterus;1320.4766
Lutjanus_decussatus;1382.7709
Lutjanus_ehrenbergii;1373.3657
Lutjanus_erythropterus;1315.9668
Lutjanus_fulviflamma;1445.1396
Lutjanus_fulvus;1359.3312
Lutjanus_gibbus;1350.8519
Lutjanus_griseus;1249.4421
Lutjanus_guttatus;1396.0505
Lutjanus_inermis;1348.265
Lutjanus_jocu;1248.7681
Lutjanus_johnii;1284.77
Lutjanus_jordani;1318.7922
Lutjanus_kasmira;1672.9222
Lutjanus_lemniscatus;1231.0204
Lutjanus_lutjanus;1448.0084
Lutjanus_mahogoni;1294.1746
Lutjanus_monostigma;1408.506
Lutjanus_novemfasciatus;1273.7043
Lutjanus_quinquelineatus;1539.8824
Lutjanus_rivulatus;1355.8278
Lutjanus_rufolineatus;1396.0298
Lutjanus_russellii;1286.7357
Lutjanus_sebae;1634.4224
Lutjanus_semicinctus;1355.159
Lutjanus_synagris;1488.9008
Lutjanus_viridis;1652.2372
Lutjanus_vitta;1394.6052
Luzonichthys_waitei;1462.709
Luzonichthys_whitleyi;1440.7019
Lythrypnus_dalli;1572.8599
Lythrypnus_gilberti;1559.9214
Lythrypnus_insularis;1450.49
Macolor_macularis;1583.6282
Macolor_niger;1726.297
Macrodontogobius_wilburi;1202.6987
Macropharyngodon_bipartitus;1737.3223
Macropharyngodon_choati;1682.7805
Macropharyngodon_geoffroy;1876.6006
Macropharyngodon_kuiteri;1584.4089
Macropharyngodon_meleagris;1851.0017
Macropharyngodon_negrosensis;1647.2039
Macropharyngodon_ornatus;1636.8391
Malacanthus_brevirostris;1343.2151
Malacanthus_latovittatus;1570.0227
Malacanthus_plumieri;1397.4043
Malacoctenus_boehlkei;1545.891
Malacoctenus_ebisui;1287.9675
Malacoctenus_hubbsi;1471.2422
Malacoctenus_macropus;1423.3191
Malacoctenus_margaritae;1292.9585
Malacoctenus_tetranemus;1314.5741
Malacoctenus_triangulatus;1518.2258
Malacoctenus_zonifer;1429.0007
Malacoctenus_zonogaster;1384.9312
Manonichthys_splendens;1682.0692
Maxillicosta_scabriceps;1375.0337
Mccoskerichthys_sandae;1426.7549
Mecaenichthys_immaculatus;1788.0703
Medialuna_californiensis;1207.8044
Megalops_atlanticus;1179.4038
Meiacanthus_abruptus;1372.1084
Meiacanthus_atrodorsalis;1393.1328
Meiacanthus_bundoon;1377.083
Meiacanthus_crinitus;1424.3813
Meiacanthus_ditrema;1413.3691
Meiacanthus_grammistes;1511.7374
Meiacanthus_kamoharai;1492.5701
Meiacanthus_lineatus;1454.2295
Meiacanthus_luteus;1597.063
Meiacanthus_mossambicus;1347.0894
Meiacanthus_naevius;1297.7194
Meiacanthus_nigrolineatus;1396.4569
Meiacanthus_oualanensis;1467.2362
Meiacanthus_phaeus;1346.1976
Meiacanthus_smithi;1336.3682
Meiacanthus_tongaensis;1502.8591
Melanogrammus_aeglefinus;1288.4818
Melichthys_indicus;1711.6821
Melichthys_niger;1652.3381
Melichthys_vidua;1515.147
Mendosoma_lineatum;1161.2399
Meuschenia_australis;1486.829
Meuschenia_flavolineata;1446.1617
Meuschenia_freycineti;1614.3027
Meuschenia_galii;1558.7295
Meuschenia_hippocrepis;1560.2344
Meuschenia_scaber;1506.9257
Meuschenia_trachylepis;1501.3447
Meuschenia_venusta;1615.0911
Microcanthus_strigatus;1728.8317
Microgobius_microlepis;1403.8716
Microlepidotus_brevipinnis;1142.0642
Microspathodon_bairdii;1713.1604
Microspathodon_chrysurus;1838.4607
Microspathodon_dorsalis;1597.8657
Mimoblennius_lineathorax;1298.4072
Mola_mola;1406.5112
Molva_molva;1201.6925
Monacanthus_chinensis;1600.0361
Monacanthus_tuckeri;1550.3715
Monodactylus_argenteus;1598.4283
Monotaxis_grandoculis;1310.52832245656
Monotaxis_heterodon;1482.0134
Mugil_cephalus;1291.4783
Mugil_curema;1204.4344
Mugil_galapagensis;1155.9421
Mulloidichthys_dentatus;1355.728
Mulloidichthys_flavolineatus;1340.2747
Mulloidichthys_martinicus;1381.0525
Mulloidichthys_mimicus;1460.8328
Mulloidichthys_vanicolensis;1322.7488
Mullus_argentinae;1324.1792
Mullus_surmuletus;1333.6909
Muraena_argus;1328.9865
Muraena_augusti;1302.8214
Muraena_clepsydra;1265.6404
Muraena_helena;1401.795
Muraena_lentiginosa;1359.6732
Mycteroperca_bonaci;1625.1187
Mycteroperca_fusca;1560.5621
Mycteroperca_interstitialis;1339.4763
Mycteroperca_jordani;1411.233
Mycteroperca_microlepis;1204.4402
Mycteroperca_olfax;1344.7893
Mycteroperca_rosacea;1374.4583
Mycteroperca_tigris;1372.6677
Mycteroperca_xenarcha;1330.177
Myoxocephalus_scorpius;1387.0638
Myrichthys_maculosus;1419.3673
Myrichthys_tigrinus;1429.002
Myripristis_adusta;1418.405
Myripristis_amaena;1437.0691
Myripristis_berndti;1324.511
Myripristis_clarionensis;1300.1469
Myripristis_earlei;1416.3492
Myripristis_gildi;1362.2219
Myripristis_hexagona;1373.6746
Myripristis_jacobus;1377.3517
Myripristis_kochiensis;1347.8213
Myripristis_kuntee;1297.3184
Myripristis_leiognathus;1420.092
Myripristis_murdjan;1412.2777
Myripristis_pralinia;1479.4099
Myripristis_randalli;1279.0342
Myripristis_tiki;1402.6283
Myripristis_violacea;1360.31455131177
Myripristis_vittata;1423.8088
Nannosalarias_nativitatis;1383.6101
Naso_annulatus;1425.5316
Naso_brachycentron;1289.4705
Naso_brevirostris;1501.7878
Naso_caeruleacauda;1475.2816
Naso_caesius;1293.517
Naso_elegans;1664.4722
Naso_fageni;1359.7466
Naso_hexacanthus;1426.0112
Naso_lituratus;1622.1982
Naso_thynnoides;1320.6394
Naso_tonganus;1458.5712
Naso_unicornis;1524.6829
Naso_vlamingii;1598.5215
Neatypus_obliquus;1646.6201
Nectamia_similis;1338.8148
Nelusetta_ayraud;1383.9716
Nemadactylus_bergi;1202.0939
Nemadactylus_douglasii;1246.404
Nemadactylus_macropterus;1190.922
Nemadactylus_valenciennesi;1481.0776
Nemateleotris_magnifica;1597.7239
Neocirrhites_armatus;1626.5763
Neoditrema_ransonnetii;1204.1614
Neoglyphidodon_bonang;1573.8982
Neoglyphidodon_carlsoni;1373.701
Neoglyphidodon_crossi;1729.982
Neoglyphidodon_melas;1541.9078
Neoglyphidodon_nigroris;1659.918
Neoglyphidodon_oxyodon;1784.9272
Neoglyphidodon_polyacanthus;1714.0308
Neoglyphidodon_thoracotaeniatus;1504.4923
Neomyxus_leuciscus;1176.7263
Neoniphon_argenteus;1377.7428
Neoniphon_marianus;1555.6401
Neoniphon_opercularis;1493.2876
Neoniphon_sammara;1503.7314
Neoodax_balteatus;1296.2728
Neopomacentrus_anabatoides;1259.8694
Neopomacentrus_aquadulcis;1356.4469
Neopomacentrus_azysron;1470.1409
Neopomacentrus_bankieri;1290.0588
Neopomacentrus_cyanomos;1427.1128
Neopomacentrus_filamentosus;1363.5745
Neopomacentrus_metallicus;1303.5549
Neopomacentrus_miryae;1254.8423
Neopomacentrus_nemurus;1412.221
Neopomacentrus_violascens;1345.1143
Neosebastes_pandus;1319.1279
Neosebastes_scorpaenoides;1515.8982
Nesogobius_hinsbyi;1297.8323
Nesogobius_pulchellus;1380.4723
Nexilosus_latifrons;1550.9517
Nicholsina_denticulata;1342.646
Notocirrhitus_splendens;1581.7754
Notoclinops_segmentatus;1506.4227
Notoclinops_yaldwyni;1418.474
Notoclinus_fenestratus;1473.9722
Notolabrus_celidotus;1336.761
Notolabrus_cinctus;1198.4991
Notolabrus_fucicola;1341.5675
Notolabrus_gymnogenis;1551.1012
Notolabrus_inscriptus;1435.1035
Notolabrus_parilus;1420.7262
Notolabrus_tetricus;1357.7014
Novaculichthys_taeniourus;1790.2935
Oblada_melanura;1400.8793
Ocyurus_chrysurus;1472.7825
Odax_cyanoallix;1290.117
Odax_pullus;1357.8511
Odontoscion_dentex;1250.5676
Odontoscion_eurymesops;1291.7174
Odontoscion_xanthops;1286.9907
Odonus_niger;1736.728
Ogcocephalus_darwini;1430.0889
Ogilbia_cocoensis;1272.2239
Ogilbia_galapagosensis;1295.4453
Ogilbichthys_ferocis;1274.8193
Ogilbyina_novaehollandiae;1494.8557
Ogilbyina_queenslandiae;1601.8303
Olisthops_cyanomelas;1387.9043
Oman_ypsilon;1358.7258
Omegophora_armilla;1425.3397
Omegophora_cyanopunctata;1448.0135
Omobranchus_aurosplendidus;1415.247
Omobranchus_germaini;1349.7656
Omobranchus_mekranensis;1227.6311
Omobranchus_smithi;1390.368
Ophioblennius_atlanticus;1367.6115
Ophioblennius_clippertonensis;1293.3591
Ophioblennius_steindachneri;1293.1182
Ophiodon_elongatus;1427.5
Ophthalmolepis_lineolata;1611.84
Opisthocentrus_ocellatus;1432.6013
Opisthocentrus_tenuis;1280.3628
Opisthocentrus_zonope;1289.8756
Opistognathus_aurifrons;1507.9817
Opistognathus_darwiniensis;1388.0427
Opistognathus_randalli;1442.7769
Oplegnathus_conwayi;1179.5286
Oplegnathus_insignis;1696.0405
Optivus_agastos;1237.7678
Orthonopias_triacis;1458.9799
Orthopristis_forbesi;1203.072
Ostorhinchus_angustatus;1369.0396
Ostorhinchus_apogonoides;1403.5457
Ostorhinchus_aureus;1469.3308
Ostorhinchus_capricornis;1457.4287
Ostorhinchus_chrysotaenia;1440.7332
Ostorhinchus_doederleini;1323.7874
Ostorhinchus_fasciatus;1299.0564
Ostorhinchus_flavus;1236.3718
Ostorhinchus_limenus;1561.862
Ostorhinchus_luteus;1264.927
Ostorhinchus_multilineatus;1348.6987
Ostorhinchus_nigrofasciatus;1513.9016
Ostorhinchus_norfolcensis;1339.0574
Ostorhinchus_notatus;1214.5577
Ostorhinchus_parvulus;1356.6382
Ostorhinchus_properuptus;1549.2361
Ostorhinchus_rubrimacula;1466.1863
Ostorhinchus_schlegeli;1411.5916
Ostorhinchus_sealei;1470.3319
Ostorhinchus_urostigmus;1272.3617
Ostorhinchus_victoriae;1486.0708
Ostorhinchus_wassinki;1493.4545
Ostracion_cubicus;1771.0867
Ostracion_cyanurus;1699.6036
Ostracion_immaculatus;1684.581
Ostracion_meleagris;1843.75
Ostracion_solorensis;1694.8623
Ostracion_whitleyi;1715.6692
Othos_dentex;1595.6554
Oxycercichthys_veliferus;1358.478
Oxycheilinus_bimaculatus;1579.148
Oxycheilinus_celebicus;1569.7988
Oxycheilinus_digramma;1553.7238
Oxycheilinus_mentalis;1359.4751
Oxycheilinus_orientalis;1418.6632
Oxycheilinus_unifasciatus;1520.4918
Oxycirrhites_typus;1605.351
Oxyjulis_californica;1445.2001
Oxylebius_pictus;1376.816
Oxymonacanthus_longirostris;1772.28886118986
Pachymetopon_aeneum;1252.0066
Pachymetopon_blochii;1237.8079
Pachymetopon_grande;1331.0703
Pagellus_acarne;1218.7115
Pagellus_erythrinus;1332.0189
Pagrus_auratus;1369.685
Pagrus_auriga;1578.2549
Pagrus_pagrus;1289.1477
Parablennius_gattorugine;1357.2473
Parablennius_incognitus;1459.701
Parablennius_intermedius;1410.5122
Parablennius_laticlavius;1393.6501
Parablennius_marmoreus;1439.8552
Parablennius_pilicornis;1366.1936
Parablennius_rouxi;1322.9482
Parablennius_sanguinolentus;1309.081
Parablennius_serratolineatus;1393.011
Parablennius_tasmanianus;1327.3385
Parablennius_zvonimiri;1370.3352
Paracaesio_xanthura;1542.6489
Paracanthurus_hepatus;1846.3551
Paracentropyge_multifasciata;1674.4197
Parachaetodon_ocellatus;1568.823
Paracheilinus_cyaneus;1685.2095
Paracheilinus_octotaenia;1797.246
Paracirrhites_arcatus;1539.6923
Paracirrhites_forsteri;1548.1548
Paracirrhites_hemistictus;1411.4371
Paracirrhites_nisus;1479.9304
Paracirrhites_xanthus;1530.3755
Paradiancistrus_cuyoensis;1216.163
Paragobiodon_echinocephalus;1434.4409
Paragobiodon_xanthosoma;1545.8535
Parajulis_poecilepterus;1525.3962
Paralabrax_albomaculatus;1382.0405
Paralabrax_auroguttatus;1379.8848
Paralabrax_clathratus;1461.2808
Paralabrax_maculatofasciatus;1293.4089
Paralabrax_nebulifer;1192.0863
Paraluteres_prionurus;1737.928
Paramonacanthus_japonicus;1480.5275
Paranotothenia_magellanica;1310.3708
Paranthias_colonus;1519.1101
Paranthias_furcifer;1399.6805
Parapercis_australis;1349.6407
Parapercis_clathrata;1336.0872
Parapercis_colias;1361.3743
Parapercis_haackei;1289.2158
Parapercis_lineopunctata;1361.2639
Parapercis_millepunctata;1399.4438
Parapercis_multiplicata;1377.8484
Parapercis_pacifica;1471.5054
Parapercis_queenslandica;1345.9044
Parapercis_ramsayi;1302.9741
Parapercis_schauinslandii;1441.5818
Parapercis_snyderi;1356.2786
Parapercis_stricticeps;1318.3599
Parapercis_tetracantha;1386.176
Parapercis_xanthogramma;1501.245
Parapercis_xanthozona;1296.4275
Paraplesiops_bleekeri;1653.9912
Paraplesiops_meleagris;1700.1134
Paraplesiops_poweri;1492.079
Paraplotosus_butleri;1454.9382
Parapriacanthus_dispar;1243.4214
Parapriacanthus_elongatus;1216.3044
Parapriacanthus_ransonneti;1277.3042
Parapristipoma_octolineatum;1451.9491
Parapristipoma_trilineatum;1399.9954
Parascorpis_typus;1264.5569
Paratrachichthys_trailli;1356.5305
Pareques_acuminatus;1596.2622
Pareques_perissa;1454.9976
Pareques_viola;1495.6522
Parequula_melbournensis;1344.8579
Paristiopterus_gallipavo;1584.5891
Paristiopterus_labiosus;1337.7645
Parma_alboscapularis;1245.5543
Parma_bicolor;1574.7185
Parma_kermadecensis;1401.9598
Parma_mccullochi;1685.7443
Parma_microlepis;1803.6377
Parma_occidentalis;1731.4224
Parma_oligolepis;1712.2881
Parma_polylepis;1402.6835
Parma_unifasciata;1762.19
Parma_victoriae;1638.9556
Parupeneus_barberinoides;1461.8552
Parupeneus_barberinus;1373.1719
Parupeneus_chrysopleuron;1355.792
Parupeneus_ciliatus;1423.7174
Parupeneus_crassilabris;1428.0317
Parupeneus_cyclostomus;1439.36
Parupeneus_forsskali;1351.3013
Parupeneus_heptacanthus;1438.3164
Parupeneus_indicus;1397.7466
Parupeneus_insularis;1284.6514
Parupeneus_macronemus;1350.523
Parupeneus_multifasciatus;1444.592
Parupeneus_pleurostigma;1399.201
Parupeneus_porphyreus;1419.2397
Parupeneus_spilurus;1424.2275
Patagonotothen_cornucola;1528.791
Patagonotothen_guntheri;1290.0984
Patagonotothen_tessellata;1283.4967
Patagonotothen_wiltoni;1165.6381
Pelates_octolineatus;1330.8405
Pelates_quadrilineatus;1263.492
Pelsartia_humeralis;1343.7144
Pempheris_adspersa;1396.4331
Pempheris_adusta;1269.4246
Pempheris_affinis;1299.8586
Pempheris_analis;1326.5636
Pempheris_compressa;1352.3303
Pempheris_klunzingeri;1359.8923
Pempheris_mangula;1360.454
Pempheris_molucca;1363.5508
Pempheris_multiradiata;1425.3813
Pempheris_ornata;1422.6301
Pempheris_oualensis;1318.3838
Pempheris_schomburgkii;1263.518
Pempheris_schwenkii;1354.1943
Pempheris_vanicolensis;1409.1995
Pentaceropsis_recurvirostris;1579.0917
Pentapodus_aureofasciatus;1527.4619
Pentapodus_caninus;1361.7573
Pentapodus_emeryii;1449.7133
Pentapodus_paradiseus;1529.6117
Pentapodus_porosus;1416.9746
Pentapodus_trivittatus;1396.9905
Pentapodus_vitta;1559.673
Pervagor_alternans;1463.2454
Pervagor_aspricaudus;1505.878
Pervagor_janthinosoma;1540.4701
Pervagor_marginalis;1578.007
Pervagor_melanocephalus;1578.3591
Petroscirtes_breviceps;1376.8766
Petroscirtes_fallax;1457.346
Petroscirtes_lupus;1412.7217
Petroscirtes_mitratus;1409.675
Phanerodon_atripes;1208.4485
Pholidapus_dybowskii;1249.2881
Pholidichthys_leucotaenia;1568.5549
Pholis_crassispina;1182.9137
Pholis_gunnellus;1418.6213
Phyllogobius_platycephalops;1249.4758
Pictichromis_paccagnellae;1537.8025
Pictichromis_porphyrea;1519.3767
Pictilabrus_laticlavius;1574.9802
Pictilabrus_viridis;1535.2533
Pinguipes_brasilianus;1315.2261
Pinguipes_chilensis;1380.9106
Plagiotremus_azaleus;1457.3108
Plagiotremus_ewaensis;1570.0674
Plagiotremus_goslinei;1467.5745
Plagiotremus_laudandus;1479.7273
Plagiotremus_phenax;1329.0605
Plagiotremus_rhinorhynchos;1680.356
Plagiotremus_tapeinosoma;1519.1191
Plagiotremus_townsendi;1449.5701
Platax_batavianus;1872.3673
Platax_boersii;1356.599
Platax_orbicularis;1616.177
Platax_pinnatus;1750.9685
Platax_teira;1632.379
Platycephalus_bassensis;1228.885
Platycephalus_endrachtensis;1186.0009
Platycephalus_fuscus;1275.2296
Platycephalus_laevigatus;1307.2063
Platycephalus_richardsoni;1241.8701
Platycephalus_speculator;1190.9578
Platygillellus_rubellulus;1295.5974
Plectorhinchus_albovittatus;1633.9911
Plectorhinchus_caeruleonothus;1639.2842
Plectorhinchus_chaetodonoides;1752.978
Plectorhinchus_chrysotaenia;1555.1604
Plectorhinchus_diagrammus;1634.9358
Plectorhinchus_flavomaculatus;1479.7186
Plectorhinchus_gibbosus;1449.7087
Plectorhinchus_lessonii;1554.5798
Plectorhinchus_lineatus;1655.1849
Plectorhinchus_multivittatus;1624.0732
Plectorhinchus_picus;1448.7651
Plectorhinchus_polytaenia;1745.061
Plectorhinchus_vittatus;1644.732
Plectranthias_nanus;1459.0596
Plectroglyphidodon_dickii;1513.394
Plectroglyphidodon_flaviventris;1339.2109
Plectroglyphidodon_imparipennis;1462.0623
Plectroglyphidodon_johnstonianus;1439.1056
Plectroglyphidodon_lacrymatus;1743.7334
Plectroglyphidodon_leucozonus;1471.685
Plectroglyphidodon_phoenixensis;1414.1936
Plectropomus_areolatus;1323.4084
Plectropomus_laevis;1489.4456
Plectropomus_leopardus;1241.203
Plectropomus_maculatus;1399.309
Plectropomus_oligacanthus;1366.2915
Plectropomus_pessuliferus;1489.42012362662
Pleurosicya_elongata;1459.8918
Pleurosicya_mossambica;1367.1947
Plotosus_canius;1284.5485
Plotosus_japonicus;1556.4111
Plotosus_lineatus;1385.906
Pollachius_pollachius;1243.6674
Pollachius_virens;1222.4888
Polysteganus_praeorbitalis;1480.3698
Polysteganus_undulosus;1422.4275
Pomacanthus_arcuatus;1693.637
Pomacanthus_imperator;1941.6582
Pomacanthus_navarchus;1808.0773
Pomacanthus_paru;1791.97
Pomacanthus_semicirculatus;2037.38
Pomacanthus_sexstriatus;1956.1558
Pomacanthus_xanthometopon;1981.2024
Pomacanthus_zonipectus;1918.5818
Pomacentrus_adelus;1367.1549
Pomacentrus_albimaculus;1455.4303
Pomacentrus_alexanderae;1369.8416
Pomacentrus_alleni;1634.979
Pomacentrus_amboinensis;1600.8989
Pomacentrus_aurifrons;1461.5891
Pomacentrus_auriventris;1619.9537
Pomacentrus_australis;1384.177
Pomacentrus_baenschi;1524.6366
Pomacentrus_bankanensis;1775.6711
Pomacentrus_brachialis;1456.6671
Pomacentrus_burroughi;1546.3813
Pomacentrus_caeruleus;1677.4678
Pomacentrus_callainus;1376.8427
Pomacentrus_chrysurus;1447.2373
Pomacentrus_coelestis;1645.085
Pomacentrus_cuneatus;1538.3411
Pomacentrus_grammorhynchus;1627.2537
Pomacentrus_imitator;1402.4174
Pomacentrus_indicus;1527.3228
Pomacentrus_lepidogenys;1437.2852
Pomacentrus_microspilus;1352.4707
Pomacentrus_milleri;1552.3774
Pomacentrus_moluccensis;1632.0481
Pomacentrus_nagasakiensis;1643.795
Pomacentrus_nigromanus;1375.2998
Pomacentrus_nigromarginatus;1452.3347
Pomacentrus_opisthostigma;1438.0836
Pomacentrus_pavo;1776.5308
Pomacentrus_philippinus;1559.4219
Pomacentrus_reidi;1362.8651
Pomacentrus_simsiang;1778.29
Pomacentrus_smithi;1426.1116
Pomacentrus_spilotoceps;1419.4634
Pomacentrus_sulfureus;1552.8291
Pomacentrus_trichrourus;1645.2992
Pomacentrus_trilineatus;1696.1547
Pomacentrus_tripunctatus;1511.9307
Pomacentrus_vaiuli;1663.0659
Pomacentrus_wardi;1518.1062
Pomachromis_fuscidorsalis;1425.9126
Pomachromis_richardsoni;1440.742
Pomadasys_incisus;1290.4209
Pomatomus_saltatrix;1238.8547
Pomatoschistus_minutus;1389.8855
Pomatoschistus_pictus;1381.2068
Porichthys_notatus;1214.9287
Praealticus_natalis;1239.9282
Premnas_biaculeatus;1705.7087
Priacanthus_blochii;1288.8455
Priacanthus_hamrur;1561.2979
Priolepis_ascensionis;1459.6382
Prionotus_miles;1516.5667
Prionurus_laticlavius;1472.2158
Prionurus_maculatus;1342.1986
Prionurus_microlepidotus;1433.8547
Prionurus_punctatus;1562.5278
Prionurus_scalprum;1526.238
Pristiapogon_exostigma;1366.1918
Pristiapogon_kallopterus;1422.224
Pristicon_trimaculatus;1362.5745
Prognathodes_aculeatus;1622.2958
Prognathodes_falcifer;1700.791
Prolatilus_jugularis;1184.5743
Psammoperca_waigiensis;1203.7367
Pseudanthias_bicolor;1508.977
Pseudanthias_dispar;1539.021
Pseudanthias_evansi;1566.321
Pseudanthias_hiva;1435.634
Pseudanthias_huchtii;1541.755
Pseudanthias_hypselosoma;1561.0994
Pseudanthias_ignitus;1616.5435
Pseudanthias_lori;1576.5107
Pseudanthias_mooreanus;1547.0359
Pseudanthias_olivaceus;1457.6444
Pseudanthias_pascalus;1554.7847
Pseudanthias_pictilis;1520.5298
Pseudanthias_pleurotaenia;1619.0518
Pseudanthias_regalis;1449.6554
Pseudanthias_rubrizonatus;1615.8129
Pseudanthias_squamipinnis;1628.0477
Pseudanthias_taeniatus;1515.6538
Pseudanthias_tuka;1472.3936
Pseudobalistes_flavimarginatus;1539.6057
Pseudobalistes_fuscus;1714.2839
Pseudobalistes_naufragium;1651.775
Pseudoblennius_cottoides;1481.0728
Pseudocaranx_dentex;1369.6831
Pseudocaranx_georgianus;1385.3646
Pseudocaranx_wrighti;1404.1425
Pseudocheilinops_ataenia;1679.8015
Pseudocheilinus_evanidus;1487.937
Pseudocheilinus_hexataenia;1734.187
Pseudocheilinus_ocellatus;1536.8374
Pseudocheilinus_octotaenia;1539.472
Pseudocheilinus_tetrataenia;1705.8284
Pseudochromis_ammeri;1349.1858
Pseudochromis_bitaeniatus;1344.0735
Pseudochromis_cyanotaenia;1481.4646
Pseudochromis_elongatus;1354.5947
Pseudochromis_flavivertex;1633.8226
Pseudochromis_fridmani;1612.2184
Pseudochromis_fuscus;1581.949
Pseudochromis_marshallensis;1357.887
Pseudochromis_olivaceus;1388.0768
Pseudochromis_pesi;1296.6285
Pseudochromis_springeri;1458.0336
Pseudochromis_wilsoni;1384.7571
Pseudocoris_aurantiofasciata;1394.9594
Pseudocoris_bleekeri;1465.027
Pseudocoris_yamashiroi;1529.8008
Pseudodax_moluccanus;1495.633
Pseudojuloides_atavai;1546.1427
Pseudojuloides_cerasinus;1604.8082
Pseudojuloides_elongatus;1463.1958
Pseudolabrus_biserialis;1441.5858
Pseudolabrus_fuentesi;1502.8534
Pseudolabrus_guentheri;1490.745
Pseudolabrus_luculentus;1422.8439
Pseudolabrus_miles;1494.8047
Pseudolabrus_rubicundus;1286.941
Pseudolabrus_semifasciatus;1577.5415
Pseudolabrus_sieboldi;1506.6062
Pseudopercis_semifasciata;1252.366
Pseudophycis_bachus;1188.9136
Pseudophycis_barbata;1215.9424
Pseudotolithus_senegalensis;1222.9218
Pseudupeneus_grandisquamis;1390.0328
Pseudupeneus_maculatus;1357.8862
Pseudupeneus_prayensis;1390.6198
Psilotris_boehlkei;1297.7179
Pteragogus_aurigarius;1524.1082
Pteragogus_cryptus;1435.1628
Pteragogus_enneacanthus;1447.8112
Pteragogus_flagellifer;1356.9377
Pterapogon_kauderni;1628.9885
Ptereleotris_calliura;1453.3552
Ptereleotris_evides;1474.4075
Ptereleotris_hanae;1453.1643
Ptereleotris_heteroptera;1472.175
Ptereleotris_microlepis;1558.897
Ptereleotris_monoptera;1430.4651
Ptereleotris_zebra;1465.7135
Pterocaesio_chrysozona;1276.0908
Pterocaesio_digramma;1400.5808
Pterocaesio_marri;1394.7976
Pterocaesio_pisang;1274.806
Pterocaesio_randalli;1341.0205
Pterocaesio_tessellata;1248.1667
Pterocaesio_tile;1364.137
Pterocaesio_trilineata;1304.9688
Pterogobius_zacalles;1311.8032
Pterogymnus_laniarius;1369.6279
Pterois_antennata;1842.7693
Pterois_miles;1903.3489
Pterois_radiata;1813.1248
Pterois_volitans;1801.7719
Pygoplites_diacanthus;2018.0214
Quassiremus_evionthas;1428.4861
Rachycentron_canadum;1281.7732
Rastrelliger_kanagurta;1287.8721
Remora_remora;1246.4736
Repomucenus_calcaratus;1324.2458
Rhabdamia_gracilis;1362.453
Rhabdosargus_holubi;1333.7172
Rhabdosargus_sarba;1425.4441
Rhacochilus_toxotes;1248.6348
Rhacochilus_vacca;1225.2649
Rhinecanthus_aculeatus;1630.4543
Rhinecanthus_assasi;1566.4841
Rhinecanthus_lunula;1586.8436
Rhinecanthus_rectangulus;1609.2648
Rhinecanthus_verrucosus;1567.0278
Rhinogobiops_nicholsii;1345.0718
Rhinomuraena_quaesita;1909.3905
Rhomboplites_aurorubens;1328.9846
Rhycherus_filamentosus;1524.991
Rhynchostracion_nasus;1617.1827
Ruanoho_whero;1394.167
Rypticus_bicolor;1329.6746
Rypticus_courtenayi;1238.0374
Rypticus_nigripinnis;1285.1516
Rypticus_saponaceus;1273.4138
Salarias_alboguttatus;1416.1367
Salarias_ceramensis;1333.0641
Salarias_fasciatus;1443.3511
Salarias_guttatus;1302.4773
Salarias_segmentatus;1355.6251
Salmo_salar;1261.8484
Sanopus_astrifer;1682.0009
Sanopus_reticulatus;1321.3087
Sanopus_splendidus;1482.6064
Sarda_australis;1345.3694
Sarda_orientalis;1197.1501
Sarda_sarda;1236.8318
Sardina_pilchardus;1137.1804
Sardinella_aurita;1145.3832
Sardinops_sagax;1181.8472
Sargocentron_caudimaculatum;1528.96979704923
Sargocentron_cornutum;1527.8228
Sargocentron_diadema;1513.874
Sargocentron_hormion;1382.1704
Sargocentron_ittodai;1506.0492
Sargocentron_melanospilos;1452.2161
Sargocentron_microstoma;1384.9381
Sargocentron_rubrum;1456.1259
Sargocentron_spiniferum;1500.1586
Sargocentron_suborbitale;1373.699
Sargocentron_tiere;1401.0432
Sargocentron_tiereoides;1474.4998
Sargocentron_vexillarium;1323.0901
Sargocentron_violaceum;1489.4296
Sarpa_salpa;1334.6057
Saurida_gracilis;1342.0251
Saurida_nebulosa;1316.4202
Scaevius_milii;1468.1384
Scartella_poiti;1229.0139
Scartella_springeri;1298.8455
Scarus_altipinnis;1576.374
Scarus_chameleon;1682.16
Scarus_coelestinus;1677.409
Scarus_coeruleus;1606.2966
Scarus_compressus;1519.1614
Scarus_dimidiatus;1685.9172
Scarus_falcipinnis;1490.3062
Scarus_ferrugineus;1556.5094
Scarus_festivus;1542.9243
Scarus_flavipectoralis;1587.4166
Scarus_forsteni;1622.6741
Scarus_frenatus;1668.5961
Scarus_fuscopurpureus;1565.961
Scarus_ghobban;1658.659
Scarus_globiceps;1595.6228
Scarus_guacamaia;1613.4813
Scarus_iseri;1621.9043
Scarus_koputea;1486.4928
Scarus_longipinnis;1613.9078
Scarus_niger;1644.7434
Scarus_oviceps;1586.6859
Scarus_perrico;1451.8766
Scarus_prasiognathos;1637.1008
Scarus_psittacus;1608.141
Scarus_quoyi;1707.088
Scarus_rivulatus;1602.5303
Scarus_rubroviolaceus;1611.4568
Scarus_russelii;1593.8801
Scarus_scaber;1653.8408
Scarus_schlegeli;1641.985
Scarus_spinus;1702.295
Scarus_taeniopterus;1701.8535
Scarus_tricolor;1591.823
Scarus_trispinosus;1538.759
Scarus_vetula;1728.695
Scarus_viridifucatus;1548.503
Scarus_zelindae;1550.026
Schuettea_scalaripinnis;1365.084
Schuettea_woodwardi;1291.5161
Sciaena_umbra;1368.1926
Scobinichthys_granulatus;1522.0354
Scolecenchelys_breviceps;1425.3557
Scolopsis_affinis;1302.0531
Scolopsis_aurata;1425.864
Scolopsis_bilineata;1392.6261
Scolopsis_ciliata;1297.839
Scolopsis_frenata;1407.7344
Scolopsis_ghanam;1410.0973
Scolopsis_lineata;1482.5806
Scolopsis_margaritifera;1290.1682
Scolopsis_monogramma;1476.223
Scolopsis_temporalis;1396.3364
Scolopsis_trilineata;1272.705
Scolopsis_vosmeri;1580.4792
Scolopsis_xenochrous;1406.081
Scomber_australasicus;1197.6104
Scomber_colias;1299.6279
Scomberoides_commersonnianus;1195.5172
Scomberoides_lysan;1249.6792
Scomberoides_tol;1153.4856
Scomberomorus_commerson;1175.0881
Scomberomorus_maculatus;1212.3572
Scomberomorus_queenslandicus;1163.6545
Scomberomorus_regalis;1152.4537
Scomberomorus_sierra;1223.4681
Scombrops_boops;1291.498
Scorpaena_ascensionis;1500.865
Scorpaena_canariensis;1427.1216
Scorpaena_cardinalis;1499.419
Scorpaena_guttata;1474.3204
Scorpaena_histrio;1381.1509
Scorpaena_jacksoniensis;1433.9451
Scorpaena_maderensis;1464.4937
Scorpaena_mellissii;1415.9302
Scorpaena_mystes;1437.9293
Scorpaena_notata;1490.1069
Scorpaena_papillosa;1460.6371
Scorpaena_plumieri;1432.9142
Scorpaena_porcus;1457.7532
Scorpaena_scrofa;1562.0804
Scorpaena_sumptuosa;1422.3765
Scorpaenichthys_marmoratus;1419.7644
Scorpaenodes_evides;1548.5527
Scorpaenodes_parvipinnis;1485.195
Scorpaenodes_scaber;1499.5271
Scorpaenopsis_cirrosa;1434.4806
Scorpaenopsis_diabolus;1528.919
Scorpaenopsis_neglecta;1413.715
Scorpaenopsis_oxycephala;1538.2961
Scorpaenopsis_papuensis;1360.0048
Scorpaenopsis_possi;1315.2488
Scorpis_aequipinnis;1328.3533
Scorpis_georgiana;1480.3688
Scorpis_lineolata;1334.7859
Scorpis_violacea;1584.3868
Sebastapistes_cyanostigma;1553.8519
Sebastapistes_strongia;1502.8326
Sebastes_atrovirens;1335.377
Sebastes_auriculatus;1370.8286
Sebastes_carnatus;1464.7163
Sebastes_caurinus;1462.0735
Sebastes_chrysomelas;1632.4214
Sebastes_flavidus;1284.9412
Sebastes_inermis;1199.8967
Sebastes_maliger;1495.9291
Sebastes_mystinus;1198.4102
Sebastes_oculatus;1367.0803
Sebastes_paucispinis;1197.3848
Sebastes_rastrelliger;1222.4287
Sebastes_rosaceus;1564.6512
Sebastes_serranoides;1286.123
Sebastes_serriceps;1554.4792
Sebastiscus_albofasciatus;1397.0438
Sebastiscus_marmoratus;1449.3777
Selar_boops;1158.4614
Selar_crumenophthalmus;1242.2693
Selaroides_leptolepis;1234.2114
Semicossyphus_darwini;1417.3799
Semicossyphus_pulcher;1508.4462
Seriola_dumerili;1284.03
Seriola_hippos;1306.6477
Seriola_lalandi;1199.9116
Seriola_rivoliana;1270.6775
Seriolella_brama;1200.0951
Serranocirrhitus_latus;1547.0844
Serranus_atricauda;1510.0195
Serranus_baldwini;1424.2417
Serranus_cabrilla;1566.8577
Serranus_flaviventris;1317.5854
Serranus_psittacinus;1385.6589
Serranus_scriba;1561.8694
Serranus_socorroensis;1547.9255
Serranus_tabacarius;1363.477
Serranus_tico;1547.501
Serranus_tigrinus;1456.115
Serranus_tortugarum;1598.2783
Siganus_argenteus;1255.0792
Siganus_corallinus;1652.33
Siganus_doliatus;1686.0315
Siganus_fuscescens;1428.741
Siganus_guttatus;1486.9805
Siganus_javus;1519.7616
Siganus_lineatus;1632.4128
Siganus_luridus;1401.5703
Siganus_niger;1380.5826
Siganus_puelloides;1535.9055
Siganus_puellus;1747.4598
Siganus_punctatissimus;1351.2235
Siganus_punctatus;1509.1542
Siganus_rivulatus;1470.1282
Siganus_spinus;1366.7511
Siganus_stellatus;1721.3596
Siganus_trispilos;1621.4153
Siganus_vermiculatus;1564.3296
Siganus_virgatus;1610.0696
Siganus_vulpinus;1680.8572
Signigobius_biocellatus;1568.7948
Sillaginodes_punctatus;1185.5254
Sillago_ciliata;1197.7463
Sillago_schomburgkii;1206.9617
Siphamia_cephalotes;1221.2004
Siphamia_roseigaster;1201.6409
Siphonognathus_argyrophanes;1392.3938
Siphonognathus_attenuatus;1368.8842
Siphonognathus_beddomei;1501.5544
Siphonognathus_caninis;1536.1355
Siphonognathus_radiatus;1545.6
Sparisoma_amplum;1551.4736
Sparisoma_atomarium;1514.3339
Sparisoma_aurofrenatum;1498.3326
Sparisoma_axillare;1376.9241
Sparisoma_chrysopterum;1493.867
Sparisoma_cretense;1609.5273
Sparisoma_frondosum;1517.3691
Sparisoma_radians;1378.7792
Sparisoma_rubripinne;1539.2346
Sparisoma_viride;1645.952
Sparodon_durbanensis;1218.702
Sphaeramia_nematoptera;1734.5791
Sphoeroides_annulatus;1465.622
Sphoeroides_lobatus;1288.5076
Sphoeroides_marmoratus;1522.5562
Sphoeroides_spengleri;1338.0759
Sphyraena_barracuda;1242.8145
Sphyraena_ensis;1170.503
Sphyraena_flavicauda;1232.1696
Sphyraena_helleri;1406.7244
Sphyraena_idiastes;1228.7227
Sphyraena_jello;1190.9785
Sphyraena_novaehollandiae;1201.5391
Sphyraena_obtusata;1191.7786
Sphyraena_putnamae;1298.304
Sphyraena_qenie;1176.1504
Sphyraena_viridensis;1266.3804
Spicara_maena;1245.9719
Spondyliosoma_cantharus;1318.6876
Spondyliosoma_emarginatum;1326.2065
Spratelloides_gracilis;1225.7139
Spratelloides_robustus;1175.5436
Springeratus_polyporatus;1351.638
Squamicreedia_obtusa;1256.8829
Stanulus_talboti;1360.4453
Starksia_galapagensis;1302.3367
Stegastes_acapulcoensis;1667.2505
Stegastes_adustus;1745.4585
Stegastes_albifasciatus;1348.852
Stegastes_altus;1560.1721
Stegastes_apicalis;1366.5847
Stegastes_arcifrons;1466.6364
Stegastes_aureus;1501.8909
Stegastes_beebei;1629.946
Stegastes_diencaeus;1602.7683
Stegastes_emeryi;1506.762
Stegastes_fasciolatus;1410.7375
Stegastes_flavilatus;1609.7175
Stegastes_fuscus;1317.6448
Stegastes_gascoynei;1477.7124
Stegastes_insularis;1295.0657
Stegastes_leucorus;1491.1987
Stegastes_leucostictus;1675.4509
Stegastes_nigricans;1348.8386
Stegastes_obreptus;1423.3381
Stegastes_partitus;1472.999
Stegastes_pictus;1434.2094
Stegastes_planifrons;1641.3423
Stegastes_punctatus;1430.104
Stegastes_rectifraenum;1546.9607
Stegastes_redemptus;1406.3503
Stegastes_variabilis;1622.5442
Stephanolepis_cirrhifer;1589.96
Stephanolepis_hispidus;1594.0708
Stereolepis_gigas;1207.0507
Stethojulis_albovittata;1594.6257
Stethojulis_balteata;1676.3264
Stethojulis_bandanensis;1529.8895
Stethojulis_interrupta;1502.6587
Stethojulis_marquesensis;1456.8918
Stethojulis_strigiventer;1574.3646
Stethojulis_terina;1531.966
Stethojulis_trilineata;1745.233
Stichaeus_punctatus_punctatus;1378.8042
Stygnobrotula_latebricola;1268.4509
Suezichthys_arquatus;1550.8264
Suezichthys_aylingi;1546.3289
Suezichthys_cyanolaemus;1302.2388
Suezichthys_devisi;1350.1616
Sufflamen_albicaudatum;1494.6089
Sufflamen_bursa;1575.2273
Sufflamen_chrysopterum;1489.5493
Sufflamen_fraenatum;1496.3518
Sufflamen_verres;1570.9075
Symphodus_cinereus;1213.4924
Symphodus_doderleini;1477.783
Symphodus_mediterraneus;1570.1736
Symphodus_melops;1325.4196
Symphodus_ocellatus;1588.1758
Symphodus_roissali;1481.1335
Symphodus_rostratus;1427.2346
Symphodus_tinca;1582.9404
Symphodus_trutta;1384.5236
Symphorichthys_spilurus;1708.823
Symphorus_nematophorus;1741.432
Synanceia_horrida;1433.875
Synanceia_verrucosa;1624.3014
Synchiropus_bartelsi;1388.1467
Synchiropus_morrisoni;1739.6582
Synchiropus_moyeri;1630.8342
Synchiropus_splendidus;1905.777
Synchiropus_stellatus;1721.6594
Synchirus_gilli;1392.6154
Synodus_binotatus;1417.4677
Synodus_capricornis;1309.947
Synodus_dermatogenys;1349.5884
Synodus_doaki;1437.7095
Synodus_intermedius;1410.203
Synodus_jaculum;1257.272
Synodus_lacertinus;1459.9028
Synodus_rubromarmoratus;1341.1444
Synodus_sageneus;1296.5591
Synodus_saurus;1439.466
Synodus_synodus;1321.2653
Synodus_ulae;1296.6995
Synodus_variegatus;1353.8127
Taenianotus_triacanthus;1626.3872
Taurulus_bubalis;1314.3003
Tautoga_onitis;1329.7935
Tautogolabrus_adspersus;1231.2433
Tetractenos_glaber;1672.03
Thalassoma_amblycephalum;1399.719
Thalassoma_bifasciatum;1535.6298
Thalassoma_cupido;1620.5656
Thalassoma_duperrey;1473.4661
Thalassoma_grammaticum;1623.261
Thalassoma_hardwicke;1554.99789018552
Thalassoma_hebraicum;1844.483
Thalassoma_heiseri;1501.8286
Thalassoma_jansenii;1568.199
Thalassoma_lucasanum;1550.1438
Thalassoma_lunare;1688.2036
Thalassoma_lutescens;1636.3923
Thalassoma_nigrofasciatum;1359.9941
Thalassoma_pavo;1716.6716
Thalassoma_purpureum;1732.33915640061
Thalassoma_quinquevittatum;1590.467
Thalassoma_robertsoni;1436.4893
Thalassoma_rueppellii;1643.2185
Thalassoma_septemfasciatum;1500.7737
Thalassoma_trilobatum;1648.988
Thalassoma_virens;1358.3165
Thamnaconus_analis;1423.685
Thorogobius_ephippiatus;1499.6638
Thunnus_albacares;1245.475
Thyrsites_atun;1150.5787
Thysanophrys_cirronasa;1328.2261
Tigrigobius_harveyi;1391.9694
Tigrigobius_nesiotes;1349.0605
Tigrigobius_redimiculus;1379.7555
Tigrigobius_saucrus;1414.001
Tilodon_sexfasciatus;1567.1576
Tomicodon_bidens;1161.5975
Torquigener_pleurogramma;1296.5524
Torquigener_squamicauda;1346.4277
Totoaba_macdonaldi;1287.9846
Trachichthys_australis;1347.6621
Trachinops_brauni;1401.0549
Trachinops_caudimaculatus;1250.8779
Trachinops_noarlungae;1306.1189
Trachinops_taeniatus;1492.6699
Trachinotus_anak;1369.1417
Trachinotus_baillonii;1286.667
Trachinotus_blochii;1496.062
Trachinotus_ovatus;1307.1454
Trachinotus_rhodopus;1469.0981
Trachinotus_stilbe;1231.4412
Trachinus_draco;1426.7228
Trachurus_declivis;1210.1993
Trachurus_indicus;1169.5981
Trachurus_japonicus;1194.1372
Trachurus_novaezelandiae;1337.4377
Trachurus_symmetricus;1183.7897
Trachurus_trachurus;1163.961
Trachypoma_macracanthus;1498.2234
Tragulichthys_jaculiferus;1396.6687
Trianectes_bucephalus;1247.2336
Tridentiger_trigonocephalus;1338.1603
Trimma_benjamini;1283.5979
Trimma_caesiura;1426.3348
Trimma_lantana;1505.4138
Trimma_okinawae;1461.2015
Trimma_striatum;1447.8015
Trinorfolkia_clarkei;1328.7544
Trinorfolkia_cristata;1347.844
Tripterygion_delaisi;1521.3981
Tripterygion_melanurum;1562.0186
Trisopterus_minutus;1261.0997
Tylosurus_crocodilus_crocodilus;1308.6693
Ucla_xenogrammus;1425.4314
Ulua_mentalis;1328.0833
Umbrina_galapagorum;1268.2703
Upeneichthys_lineatus;1470.2963
Upeneichthys_vlamingii;1372.0834
Upeneus_moluccensis;1314.015
Upeneus_tragula;1346.6384
Uraspis_helvola;1248.8706
Valenciennea_alleni;1303.7681
Valenciennea_helsdingenii;1481.0052
Valenciennea_immaculata;1380.2595
Valenciennea_longipinnis;1438.0471
Valenciennea_muralis;1310.2195
Valenciennea_parva;1215.1393
Valenciennea_puellaris;1575.1179
Valenciennea_randalli;1318.5557
Valenciennea_sexguttata;1345.844
Valenciennea_strigata;1480.7227
Variola_albimarginata;1548.217
Variola_louti;1549.3256
Verulux_cypselurus;1196.7548
Vincentia_conspersa;1370.6786
Vincentia_novaehollandiae;1309.9822
Vladichthys_gloverensis;1318.4049
Xanthichthys_mento;1637.108
Xenichthys_agassizii;1180.2223
Xenocys_jessiae;1288.4727
Xyrichtys_novacula;1580.7847
Xyrichtys_victori;1312.9739
Xyrichtys_wellingtoni;1275.3647
Zabidius_novemaculeatus;1235.2944
Zanclistius_elevatus;1476.8744
Zanclus_cornutus;1801.2313
Zebrasoma_desjardinii;1892.438
Zebrasoma_flavescens;1739.7549
Zebrasoma_rostratum;1592.836
Zebrasoma_scopas;1706.104
Zebrasoma_velifer;1888.4148
Zebrasoma_xanthurum;1763.966
Zeus_faber;1748.886
Zoarchias_veneficus;1351.5161
Zoramia_fragilis;1339.6852
Zoramia_leptacantha;1547.6133
Zoramia_viridiventer;1321.0486