"sp_name","ages_mean"
"Abalistes stellatus",14.6076627900003
"Abudefduf abdominalis",5.63139848154976
"Abudefduf bengalensis",5.99047786781636
"Abudefduf concolor",7.14613356459811
"Abudefduf conformis",7.61822917069929
"Abudefduf luridus",8.37328078589737
"Abudefduf notatus",5.60187370556699
"Abudefduf saxatilis",5.49695822799294
"Abudefduf septemfasciatus",5.02270706257318
"Abudefduf sexfasciatus",5.37112332232987
"Abudefduf sordidus",5.7096989413855
"Abudefduf sparoides",5.3585082844605
"Abudefduf troschelii",5.62627925873568
"Abudefduf vaigiensis",5.44291509250643
"Abudefduf whitleyi",5.16654973521982
"Acanthaluteres brownii",6.33513849529824
"Acanthaluteres spilomelanurus",6.17171096274373
"Acanthaluteres vittiger",5.92985452164725
"Acanthemblemaria atrata",14.737073898446
"Acanthemblemaria castroi",13.911420438995
"Acanthemblemaria crockeri",11.7989607790043
"Acanthemblemaria hancocki",12.3462393680952
"Acanthemblemaria spinosa",16.9611911750233
"Acanthemblemaria stephensi",14.3589561033665
"Acanthistius cinctus",31.686662335766
"Acanthistius ocellatus",34.1195192309121
"Acanthistius pardalotus",12.053353420047
"Acanthistius patachonicus",10.0087733619942
"Acanthistius sebastoides",25.9732525527946
"Acanthistius serratus",7.67015578938943
"Acanthochromis polyacanthus",8.65758331162723
"Acanthocybium solandri",46.9167342200007
"Acanthopagrus australis",12.105181670028
"Acanthopagrus bifasciatus",14.2288954716146
"Acanthopagrus latus",12.7470263567472
"Acanthostracion polygonius",7.59186700000039
"Acanthostracion quadricornis",7.88263454000002
"Acanthurus achilles",5.84169480099543
"Acanthurus albipectoralis",6.14327395001928
"Acanthurus auranticavus",3.71674355083505
"Acanthurus bahianus",2.43313162176756
"Acanthurus bariene",2.8710414642032
"Acanthurus blochii",2.47923358293299
"Acanthurus chirurgus",3.03409264208088
"Acanthurus chronixis",4.03529031730726
"Acanthurus coeruleus",7.53401348682259
"Acanthurus dussumieri",3.3153315793031
"Acanthurus fowleri",5.28446770147374
"Acanthurus gahhm",3.47061747890535
"Acanthurus grammoptilus",5.42019708869511
"Acanthurus guttatus",7.0955540653774
"Acanthurus leucocheilus",3.89656298882008
"Acanthurus leucopareius",5.25541269714239
"Acanthurus leucosternon",6.51315917184603
"Acanthurus lineatus",8.45462353986056
"Acanthurus maculiceps",3.86883975795487
"Acanthurus mata",2.79599929133565
"Acanthurus nigricans",5.52965867826582
"Acanthurus nigricauda",4.28594976876023
"Acanthurus nigrofuscus",8.04618916284361
"Acanthurus nigroris",8.38950027372917
"Acanthurus nubilus",5.76351562143446
"Acanthurus olivaceus",3.50012386049212
"Acanthurus pyroferus",5.23470237387378
"Acanthurus reversus",3.24278956357484
"Acanthurus sohal",4.29228316007426
"Acanthurus tennentii",3.40824806622142
"Acanthurus thompsoni",5.42881867330183
"Acanthurus triostegus",5.83041273805577
"Acanthurus tristis",5.59829134955253
"Acanthurus xanthopterus",3.73846563079334
"Achoerodus gouldii",17.1109501694894
"Achoerodus viridis",19.165783473395
"Aetapcus maculatus",23.7919999788518
"Aethaloperca rogaa",13.8512220160705
"Afurcagobius tamarensis",20.0573483915938
"Aioliops brachypterus",18.0631459693108
"Aioliops novaeguineae",19.1268930635907
"Albula glossodonta",146.053498380001
"Alectis ciliaris",11.6639783973751
"Alectis indica",15.5472154880747
"Alloclinus holderi",36.1577261694462
"Allomycterus pilatus",4.31526001604339
"Alphestes immaculatus",8.39886095556175
"Altrichthys azurelineatus",9.97193487862374
"Altrichthys curatus",9.77535015842405
"Aluterus scriptus",13.1840999969543
"Amanses scopas",5.72352219058964
"Ambassis jacksoniensis",103.427961969994
"Amblycirrhitus bimacula",27.2427578419847
"Amblycirrhitus earnshawi",18.6061306199565
"Amblycirrhitus pinos",22.3996128917915
"Amblyeleotris fasciata",15.8223795324484
"Amblyeleotris guttata",16.8904525491044
"Amblyeleotris gymnocephala",17.9092970781249
"Amblyeleotris japonica",17.3791334008447
"Amblyeleotris periophthalma",16.9847713722358
"Amblyeleotris steinitzi",15.328209204846
"Amblyeleotris sungami",16.6642142385523
"Amblyeleotris wheeleri",16.2469810982556
"Amblyglyphidodon aureus",8.81628137543851
"Amblyglyphidodon batunai",8.71362037888834
"Amblyglyphidodon curacao",9.8329706983665
"Amblyglyphidodon flavilatus",9.39457058559765
"Amblyglyphidodon indicus",10.1717006465843
"Amblyglyphidodon leucogaster",9.10956000949613
"Amblyglyphidodon melanopterus",9.52234402833066
"Amblyglyphidodon orbicularis",9.86938285141748
"Amblyglyphidodon ternatensis",10.1744201937237
"Amblygobius buanensis",39.2719349962256
"Amblygobius bynoensis",54.5116143123713
"Amblygobius decussatus",21.2872507484703
"Amblygobius nocturnus",19.4537219587841
"Amblygobius phalaena",17.1128391247912
"Amblyrhynchotes honckenii",17.2559704555638
"Ammodytes tobianus",37.4432452123697
"Amphichaetodon howensis",26.4388360058303
"Amphichthys cryptocentrus",11.8725591830102
"Amphiprion akallopisos",6.35582642461784
"Amphiprion akindynos",3.87157783217343
"Amphiprion allardi",6.50666113258965
"Amphiprion bicinctus",5.56836534153006
"Amphiprion chrysopterus",3.22463189301483
"Amphiprion clarkii",4.45703409918447
"Amphiprion ephippium",2.2846518252224
"Amphiprion frenatus",2.54713969347812
"Amphiprion fuscocaudatus",11.9187735216897
"Amphiprion latezonatus",5.85109127739118
"Amphiprion leucokranos",2.71031034922194
"Amphiprion mccullochi",3.64082454749555
"Amphiprion melanopus",2.82569321718168
"Amphiprion nigripes",6.90811906513822
"Amphiprion ocellaris",4.2762302426194
"Amphiprion percula",3.84563351494286
"Amphiprion perideraion",3.5493402873868
"Amphiprion rubrocinctus",2.4352034348819
"Amphiprion sandaracinos",4.44423615700311
"Anampses caeruleopunctatus",9.78513667703949
"Anampses cuvier",10.5309971984325
"Anampses elegans",10.3302156428495
"Anampses femininus",9.59514643057842
"Anampses geographicus",11.7266426984093
"Anampses lennardi",9.93958882177332
"Anampses lineatus",9.78964252694631
"Anampses melanurus",10.1858210720976
"Anampses meleagrides",11.1899792974816
"Anampses neoguinaicus",10.7968536801362
"Anampses twistii",10.7479951296365
"Anarrhichthys ocellatus",17.9572716568347
"Anguilla anguilla",111.881932760001
"Anisotremus caesius",9.39730166846387
"Anisotremus davidsonii",16.4553412906171
"Anisotremus interruptus",12.9909061517592
"Anisotremus scapularis",20.6449135440381
"Anisotremus surinamensis",6.14172277914922
"Anisotremus taeniatus",9.60790060320076
"Anisotremus virginicus",5.12725875826823
"Anoplocapros amygdaloides",2.5570311
"Anoplocapros inermis",2.77914630000029
"Anoplocapros lenticularis",2.96321056
"Anyperodon leucogrammicus",10.8874535441747
"Aphareus furca",9.38524025926196
"Aphareus rutilans",11.7689413531228
"Aploactisoma milesii",21.7428380468815
"Aplodactylus arctidens",15.9749212462912
"Aplodactylus etheridgii",15.6352489005285
"Aplodactylus lophodon",15.1124866416419
"Aplodactylus westralis",15.3369936436881
"Apogon atradorsatus",22.273895511013
"Apogon atricaudus",17.6311206710386
"Apogon binotatus",15.7963150396433
"Apogon dovii",16.4842670808724
"Apogon imberbis",17.022444171102
"Apogon lachneri",13.5995333095708
"Apogon maculatus",13.269223797948
"Apogon pacificus",14.7542424144124
"Apogon retrosella",16.0007944201046
"Apogon townsendi",14.084613448353
"Apogonichthyoides timorensis",28.4547102812377
"Apolemichthys trimaculatus",15.4830944425028
"Aprion virescens",30.8826862490115
"Aracana aurita",1.54708152000023
"Aracana ornata",0.647543
"Archamia bleekeri",17.1222466106794
"Arcos poecilophthalmos",13.9836746199892
"Arenigobius frenatus",17.7695195291064
"Argyrosomus hololepidotus",10.7767434972207
"Argyrosomus japonicus",14.1966580426796
"Arothron caeruleopunctatus",5.90029375593061
"Arothron diadematus",7.59182436606182
"Arothron hispidus",5.41428384518464
"Arothron inconditus",7.68298649146359
"Arothron manilensis",7.35712113936967
"Arothron mappa",5.12407460087072
"Arothron meleagris",2.45282660849136
"Arothron nigropunctatus",2.80895258431187
"Arothron stellatus",9.25741143580983
"Arripis georgianus",19.3835470687907
"Arripis trutta",20.038753501695
"Arripis truttacea",21.6467167419325
"Arripis xylabion",19.4881008703058
"Artedius harringtoni",16.9254604449663
"Aspasmogaster tasmaniensis",15.2524921282317
"Aspidontus dussumieri",9.76028209523696
"Aspidontus taeniatus",8.46609027023623
"Assessor flavissimus",2.17467879155824
"Assessor macneilli",2.3145118048381
"Assessor randalli",2.57647303803534
"Assiculus punctatus",14.1237458881942
"Asterropteryx semipunctata",18.1483320089805
"Asterropteryx striata",16.5320303114259
"Atherina boyeri",14.1494939300002
"Atherina hepsetus",5.71816562
"Atherina presbyter",8.17544550000125
"Atherinomorus vaigiensis",44.53575011001
"Atractoscion aequidens",16.2805360589067
"Atrosalarias holomelas",8.84859609899229
"Atule mate",16.8330208991265
"Atypichthys latus",5.24258995001929
"Atypichthys strigatus",6.64594128893926
"Aulacocephalus temminckii",47.6782266635459
"Aulorhynchus flavidus",20.1909212782204
"Austrolabrus maculatus",9.99744198694772
"Axoclinus cocoensis",8.39933223979218
"Axoclinus lucillae",6.59568941369804
"Axoclinus multicinctus",8.28164516499318
"Axoclinus rubinoffi",7.33535182913147
"Azurina eupalama",10.2103751663462
"Balistapus undulatus",7.41619266999825
"Balistes capriscus",9.58635114000031
"Balistes polylepis",9.25356655999987
"Balistes punctatus",19.2342711500008
"Balistes vetula",9.15913975000001
"Balistoides conspicillum",4.85446621000098
"Balistoides viridescens",14.3032735522288
"Bathygobius krefftii",19.9371601641495
"Bathygobius lineatus",19.4982334290409
"Bathystethus cultratus",10.0346991808077
"Batrachoides boulengeri",18.1188838407254
"Belone belone",48.5363619999999
"Belonoperca chabanaudi",15.6954402387357
"Blenniella chrysospilos",8.08212828771887
"Bodianus albotaeniatus",13.1408800569101
"Bodianus anthioides",10.9428585782887
"Bodianus axillaris",12.2561506220537
"Bodianus bilunulatus",12.4876310023796
"Bodianus diana",9.40449275976891
"Bodianus dictynna",8.15373376952928
"Bodianus diplotaenia",18.2734787232427
"Bodianus eclancheri",10.0155586138361
"Bodianus frenchii",19.659434764553
"Bodianus loxozonus",8.53650376655762
"Bodianus mesothorax",12.6206601294468
"Bodianus perditio",10.0810158384528
"Bodianus rufus",18.3041603740897
"Bodianus scrofa",14.3815526375285
"Bodianus unimaculatus",22.3656165893969
"Bolbometopon muricatum",7.9253551051508
"Boops boops",16.5708439085586
"Boopsoidea inornata",15.4697572647622
"Boreogadus saida",8.34939010999985
"Bothragonus occidentalis",11.5947703682588
"Bovichtus angustifrons",25.7037954671064
"Bovichtus argentinus",28.315638731385
"Brachaluteres jacksonianus",14.348250377364
"Brachionichthys hirsutus",41.2260214378409
"Brachyistius frenatus",4.86211186110241
"Bryaninops amplus",23.3305298316637
"Bryaninops erythrops",17.6162736815675
"Bryaninops natans",24.3323349539618
"Bryaninops nexus",22.7461845238082
"Bryaninops yongei",18.9172592017867
"Caesio caerulaurea",7.36386470484923
"Caesio cuning",25.4391358185027
"Caesio lunaris",7.44484780232783
"Caesio striata",10.6246296521439
"Caesio suevica",15.2406299387662
"Caesio teres",5.12027068648856
"Caesio varilineata",6.03030686215369
"Caesio xanthonota",5.51990507529258
"Caesioperca lepidoptera",13.9527488899137
"Caesioperca rasor",13.8961410027999
"Caesioscorpis theagenes",8.88372392381502
"Caffrogobius nudiceps",23.4865465100889
"Calamus bajonado",9.66695551496481
"Calamus brachysomus",21.5783948904248
"Calamus calamus",27.4959773259645
"Calamus pennatula",28.8462718198171
"Calamus taurinus",27.8333910670234
"Callanthias australis",32.1212166973381
"Calliclinus geniguttatus",47.9767348801971
"Callionymus comptus",28.4953272550319
"Callionymus lyra",11.2952356688618
"Calloplesiops altivelis",6.69857693359771
"Calotomus carolinus",12.7888817153885
"Calotomus japonicus",11.3643582317565
"Calotomus spinidens",12.5657014285739
"Calotomus viridescens",11.9067703303043
"Cantherhines dumerilii",5.11844056697968
"Cantherhines fronticinctus",6.01805867163039
"Cantherhines longicaudus",28.8559700679404
"Cantherhines macrocerus",5.90519661413639
"Cantherhines pardalis",8.86309841531339
"Cantherhines pullus",12.3018588737177
"Cantherhines sandwichiensis",10.7051099391877
"Cantheschenia grandisquamis",6.00208104939259
"Canthidermis maculata",3.29776320000003
"Canthidermis sufflamen",3.02447900000011
"Canthigaster amboinensis",5.60694490874534
"Canthigaster axiologus",3.5348159820355
"Canthigaster bennetti",21.5217979612207
"Canthigaster callisterna",3.4028153467989
"Canthigaster capistrata",4.63906614225113
"Canthigaster compressa",2.02824391675594
"Canthigaster coronata",4.92236531925805
"Canthigaster cyanetron",10.5989045284643
"Canthigaster epilampra",3.3327406939635
"Canthigaster figueiredoi",3.37570149317908
"Canthigaster jactator",2.54224332929058
"Canthigaster janthinoptera",1.07259808285978
"Canthigaster marquesensis",5.8941793082774
"Canthigaster papua",1.26274187904395
"Canthigaster punctatissima",1.11592456493102
"Canthigaster rapaensis",3.81987610674839
"Canthigaster rivulata",3.10686871420079
"Canthigaster rostrata",3.15890990281568
"Canthigaster sanctaehelenae",2.78546672268211
"Canthigaster smithae",3.7700185312509
"Canthigaster valentini",6.62563290557341
"Caprodon longimanus",25.2743094211613
"Caracanthus maculatus",17.5081397724779
"Caracanthus typicus",16.2932933151676
"Caracanthus unipinna",17.7229114978292
"Carangoides bajad",8.94747152488815
"Carangoides bartholomaei",13.296877588131
"Carangoides chrysophrys",8.414211954266
"Carangoides ferdau",13.3496140183892
"Carangoides fulvoguttatus",11.6086572177459
"Carangoides gymnostethus",6.6210797306967
"Carangoides orthogrammus",13.7433896514307
"Carangoides plagiotaenia",9.56057530934604
"Caranx caballus",6.96376886329495
"Caranx caninus",6.29489252621825
"Caranx crysos",5.83826053620757
"Caranx ignobilis",5.2984871638777
"Caranx latus",6.77577484669845
"Caranx lugubris",6.14135431527332
"Caranx melampygus",4.58705662276775
"Caranx papuensis",4.77815925351495
"Caranx sexfasciatus",10.7748616542727
"Caulolatilus princeps",26.882028300438
"Centroberyx affinis",13.2361753
"Centroberyx gerrardi",10.6388646999992
"Centroberyx lineatus",7.608669
"Centrogenys vaigiensis",52.3847015314362
"Centrolabrus exoletus",6.96617084024922
"Centropogon australis",31.593317689539
"Centropyge acanthops",3.80859990174938
"Centropyge argi",5.69097231109243
"Centropyge bicolor",8.13481115941504
"Centropyge bispinosa",4.99653219217733
"Centropyge eibli",6.98273753574897
"Centropyge ferrugata",5.19208369858088
"Centropyge fisheri",14.7272596951732
"Centropyge flavissima",8.02166243219708
"Centropyge heraldi",8.26577900267718
"Centropyge hotumatua",7.05335564406083
"Centropyge joculator",3.80900497159183
"Centropyge loriculus",3.18887634500142
"Centropyge multispinis",13.7056484199842
"Centropyge nox",8.91346350022008
"Centropyge tibicen",7.97507909635444
"Centropyge vrolikii",7.93101778267511
"Cephalopholis argus",9.27158838557228
"Cephalopholis boenak",11.3200435439266
"Cephalopholis cruentata",11.8878672676999
"Cephalopholis cyanostigma",10.9357550213081
"Cephalopholis formosa",10.3793843665319
"Cephalopholis fulva",8.1806093534075
"Cephalopholis hemistiktos",9.21562875464201
"Cephalopholis leopardus",9.68834949823631
"Cephalopholis microprion",9.57247519035445
"Cephalopholis miniata",8.61697519426686
"Cephalopholis panamensis",9.75578697590634
"Cephalopholis sexmaculata",8.45451902631237
"Cephalopholis sonnerati",8.52025355967346
"Cephalopholis spiloparaea",9.21637476385306
"Cephalopholis urodeta",9.35699962885841
"Cetoscarus bicolor",8.41288168561871
"Cetoscarus ocellatus",7.95087105225255
"Chaenopsis schmitti",13.3388104210003
"Chaetodermis penicilligerus",12.1989824667553
"Chaetodipterus faber",18.4522189821172
"Chaetodipterus zonatus",23.1383248743918
"Chaetodon adiergastos",2.81997839516845
"Chaetodon andamanensis",10.8336889839978
"Chaetodon argentatus",3.73070393520092
"Chaetodon assarius",2.93200474848136
"Chaetodon aureofasciatus",3.86487407370101
"Chaetodon auriga",3.16739518464438
"Chaetodon auripes",3.42007800742839
"Chaetodon austriacus",2.96078209352722
"Chaetodon baronessa",4.31400256043887
"Chaetodon bennetti",3.78345509645833
"Chaetodon capistratus",5.71191389491767
"Chaetodon citrinellus",5.32821976516729
"Chaetodon collare",3.34844967245493
"Chaetodon decussatus",2.19458471415447
"Chaetodon dolosus",1.64303862783204
"Chaetodon ephippium",5.82206498894199
"Chaetodon falcula",2.88820781127324
"Chaetodon fasciatus",1.36784571469506
"Chaetodon flavirostris",1.59640997630946
"Chaetodon guentheri",1.49662819612411
"Chaetodon guttatissimus",2.08002535054162
"Chaetodon humeralis",7.37954439357495
"Chaetodon interruptus",4.28637422161764
"Chaetodon kleinii",1.68835032358204
"Chaetodon lineolatus",4.46007076204925
"Chaetodon litus",3.74743522664374
"Chaetodon lunula",2.49810595725806
"Chaetodon lunulatus",1.90185704556497
"Chaetodon madagaskariensis",1.51693715948497
"Chaetodon marleyi",4.61556051573647
"Chaetodon melannotus",4.14306768702144
"Chaetodon melapterus",4.3124590734813
"Chaetodon mertensii",2.44024400638581
"Chaetodon meyeri",3.418344885858
"Chaetodon miliaris",1.56916149121288
"Chaetodon multicinctus",4.11728337022056
"Chaetodon nigropunctatus",2.51817974253672
"Chaetodon ocellatus",7.22860149857118
"Chaetodon ocellicaudus",3.47870955903288
"Chaetodon octofasciatus",4.54363461809083
"Chaetodon ornatissimus",3.18514817036458
"Chaetodon oxycephalus",4.01486685173866
"Chaetodon paucifasciatus",2.44366324654946
"Chaetodon pelewensis",2.88419089885558
"Chaetodon plebeius",5.00228696194234
"Chaetodon punctatofasciatus",1.80167307383746
"Chaetodon quadrimaculatus",5.19298084409337
"Chaetodon rafflesii",4.88824499529489
"Chaetodon rainfordi",5.98599782074881
"Chaetodon reticulatus",2.94868346716218
"Chaetodon sedentarius",1.5565514267122
"Chaetodon semeion",6.49602738041734
"Chaetodon semilarvatus",4.80276612172768
"Chaetodon speculum",3.56107139847605
"Chaetodon striatus",6.9695458267547
"Chaetodon triangulum",6.55781962646398
"Chaetodon trichrous",2.29117557957294
"Chaetodon tricinctus",8.13474898607974
"Chaetodon trifascialis",8.75821734963285
"Chaetodon trifasciatus",2.49436180091182
"Chaetodon ulietensis",3.51909098966374
"Chaetodon unimaculatus",2.10360275232616
"Chaetodon vagabundus",2.39685165338002
"Chaetodon wiebeli",3.08571403255346
"Chaetodon xanthocephalus",6.31884247258075
"Chaetodon xanthurus",2.67780555406319
"Chaetodon zanzibarensis",4.02947320166287
"Chaetodontoplus conspicillatus",8.67063146336405
"Chaetodontoplus duboulayi",6.48968393839256
"Chaetodontoplus meredithi",14.1305074240185
"Chaetodontoplus mesoleucus",8.31664744768304
"Chaetodontoplus personifer",5.05129205898788
"Chaetodontoplus septentrionalis",7.32286359130445
"Chaetodontoplus vanderloosi",8.17199878797593
"Champsocephalus esox",14.5307254696971
"Chanos chanos",158.176817
"Cheilinus abudjubbe",12.3684726426563
"Cheilinus chlorourus",15.3842481459709
"Cheilinus fasciatus",9.8921615640292
"Cheilinus lunulatus",11.8880990361208
"Cheilinus oxycephalus",11.1148106497813
"Cheilinus trilobatus",14.7309905043293
"Cheilinus undulatus",13.1122418901214
"Cheilio inermis",15.8323582484207
"Cheilodactylus ephippium",12.0205273194348
"Cheilodactylus fasciatus",14.0693581712108
"Cheilodactylus francisi",6.9141604360682
"Cheilodactylus fuscus",9.75035647345818
"Cheilodactylus gibbosus",6.91137919795321
"Cheilodactylus nigripes",6.33169037001807
"Cheilodactylus pixi",13.0209767821124
"Cheilodactylus plessisi",6.10856078122059
"Cheilodactylus rubrolabiatus",10.8669108742326
"Cheilodactylus spectabilis",7.0454384386778
"Cheilodactylus vestitus",6.80281926099965
"Cheilodactylus zebra",5.66223328201839
"Cheilodactylus zonatus",7.63464649274739
"Cheilodipterus arabicus",16.7287141275248
"Cheilodipterus artus",17.7735531670892
"Cheilodipterus intermedius",26.4782863282769
"Cheilodipterus isostigmus",18.907566099511
"Cheilodipterus lachneri",17.663932561804
"Cheilodipterus macrodon",18.0654766051456
"Cheilodipterus nigrotaeniatus",16.9635744773901
"Cheilodipterus parazonatus",19.6401325212089
"Cheilodipterus quinquelineatus",18.5435714331215
"Cheiloprion labiatus",8.20967374814296
"Chelidonichthys capensis",13.4457410215007
"Chelmon marginalis",2.77719380848235
"Chelmon rostratus",3.5437469153419
"Chelmonops curiosus",2.93326408184366
"Chelmonops truncatus",2.81744806235545
"Chelon labrosus",32.3648962924453
"Chelonodon pleurospilus",23.9317101052323
"Chilomycterus antennatus",14.1079605863615
"Chilomycterus reticulatus",8.57433726757033
"Chirodactylus brachydactylus",7.21258535769255
"Chirolophis ascanii",14.1305208434435
"Chironemus maculosus",15.7452483809312
"Chironemus marmoratus",15.8818999382123
"Chironemus microlepis",16.8148900303663
"Chlorurus atrilunula",3.93951815111312
"Chlorurus bleekeri",4.2231447058163
"Chlorurus bowersi",4.47999781853497
"Chlorurus capistratoides",3.91118600755182
"Chlorurus frontalis",7.5588917182279
"Chlorurus gibbus",3.11042523606186
"Chlorurus japanensis",8.12667821631851
"Chlorurus microrhinos",4.16195216725147
"Chlorurus rhakoura",6.10960556224294
"Chlorurus sordidus",4.76282858812955
"Chlorurus spilurus",5.92029396814291
"Chlorurus strongylocephalus",11.0151773026684
"Choerodon anchorago",11.2208245241039
"Choerodon azurio",13.3753661997235
"Choerodon cauteroma",7.36323262492444
"Choerodon cephalotes",13.4693352727717
"Choerodon cyanodus",12.5763949398117
"Choerodon fasciatus",11.6867924578232
"Choerodon graphicus",5.96267623924384
"Choerodon jordani",9.25907081391986
"Choerodon monostigma",12.2915288920932
"Choerodon rubescens",13.7730130357163
"Choerodon schoenleinii",14.0156703951032
"Choerodon vitta",12.6838630565993
"Chriolepis dialepta",18.8144928981428
"Chromis abrupta",6.98311708659368
"Chromis acares",6.39472723208761
"Chromis agilis",7.32595925260585
"Chromis alpha",6.01436084403144
"Chromis alta",6.70192363829421
"Chromis amboinensis",7.20727011671562
"Chromis analis",8.03571343606674
"Chromis atrilobata",10.524927713358
"Chromis atripectoralis",8.93130624180909
"Chromis atripes",7.62727270622916
"Chromis bami",5.36953410464748
"Chromis caudalis",9.18501089944129
"Chromis chromis",5.85286509202028
"Chromis chrysura",5.52928553810654
"Chromis cinerascens",7.00075276472532
"Chromis crusma",7.59219963748404
"Chromis cyanea",9.51682787040282
"Chromis dimidiata",7.3947566844571
"Chromis dispilus",6.58415413690731
"Chromis elerae",5.37988820881756
"Chromis flavaxilla",8.82132518366234
"Chromis flavipectoralis",3.60695994891222
"Chromis flavomaculata",5.9253770831099
"Chromis fumea",5.70681442649384
"Chromis hanui",10.5998143254601
"Chromis hypsilepis",7.61414928912999
"Chromis insolata",7.71911334878032
"Chromis iomelas",9.99646034008757
"Chromis klunzingeri",9.30306338445993
"Chromis lepidolepis",8.67248952285353
"Chromis limbata",6.50725336861775
"Chromis limbaughi",4.88464033608815
"Chromis lineata",7.69831368284054
"Chromis margaritifer",7.53883265126193
"Chromis multilineata",10.3492920168427
"Chromis nigrura",5.56019453186144
"Chromis nitida",5.57796862049272
"Chromis notata",6.92394517729768
"Chromis opercularis",8.36890932446632
"Chromis ovalis",7.5817637206143
"Chromis pamae",7.98859873593862
"Chromis pelloura",9.35477522379077
"Chromis pembae",8.23152112047966
"Chromis punctipinnis",7.06311721015798
"Chromis randalli",4.18122764905634
"Chromis retrofasciata",8.94211140482587
"Chromis scotochiloptera",8.33432035765778
"Chromis scotti",8.26145023800779
"Chromis ternatensis",6.31168858857894
"Chromis vanderbilti",6.91740579568902
"Chromis viridis",8.76169771521785
"Chromis weberi",8.54354498393599
"Chromis westaustralis",9.49418797567214
"Chromis xanthochira",9.04386962464091
"Chromis xanthura",7.26952070439874
"Chromis xutha",7.33566227930478
"Chrysiptera biocellata",7.82023434453888
"Chrysiptera bleekeri",7.6748228799833
"Chrysiptera brownriggii",7.05423262947012
"Chrysiptera cyanea",7.99598168515396
"Chrysiptera flavipinnis",5.44264953898539
"Chrysiptera galba",8.42900126740895
"Chrysiptera glauca",7.24045290273837
"Chrysiptera hemicyanea",7.43378768278512
"Chrysiptera notialis",6.77534165207396
"Chrysiptera oxycephala",9.17139109715762
"Chrysiptera parasema",7.90651860297934
"Chrysiptera rapanui",6.76133000566465
"Chrysiptera rex",8.59927885376138
"Chrysiptera rollandi",8.88321024390331
"Chrysiptera springeri",9.94502925712257
"Chrysiptera starcki",8.14292760871771
"Chrysiptera talboti",9.39937353272492
"Chrysiptera taupou",8.30866398308942
"Chrysiptera traceyi",8.02082475841797
"Chrysiptera tricincta",6.7668334051204
"Chrysiptera unimaculata",7.28877127955726
"Chrysoblephus cristiceps",9.39448612404122
"Chrysoblephus gibbiceps",14.6201672833717
"Chrysoblephus laticeps",13.3416589420893
"Cirrhilabrus cyanopleura",16.6045183396862
"Cirrhilabrus exquisitus",23.4181900700172
"Cirrhilabrus flavidorsalis",18.8820010656759
"Cirrhilabrus katherinae",18.0962396642646
"Cirrhilabrus laboutei",9.43930027289612
"Cirrhilabrus lineatus",11.9549556332909
"Cirrhilabrus punctatus",15.3289383802236
"Cirrhilabrus randalli",10.9313398747921
"Cirrhilabrus scottorum",18.8282293114887
"Cirrhilabrus solorensis",8.92488312656658
"Cirrhilabrus temminckii",8.76674961123281
"Cirrhilabrus walindi",7.14781987955927
"Cirrhitichthys aprinus",15.9834456150977
"Cirrhitichthys falco",15.5793183803622
"Cirrhitichthys oxycephalus",16.0720664902731
"Cirrhitops fasciatus",16.9906170538944
"Cirrhitops hubbardi",17.4683010487318
"Cirrhitus pinnulatus",20.9369761482293
"Cirrhitus rivulatus",26.4224705124765
"Cirripectes alboapicalis",7.43898243278709
"Cirripectes alleni",8.21422341920616
"Cirripectes auritus",8.00145325183172
"Cirripectes castaneus",7.95084949097233
"Cirripectes chelomatus",7.45932817207229
"Cirripectes filamentosus",7.42315924017389
"Cirripectes fuscoguttatus",8.67125620270188
"Cirripectes hutchinsi",10.7966284177814
"Cirripectes polyzona",10.2466240517309
"Cirripectes springeri",9.85106219609258
"Cirripectes stigmaticus",9.33033089702995
"Cirripectes vanderbilti",7.90885555198135
"Cirripectes variolosus",8.26057553956389
"Cleidopus gloriamaris",47.7232833955109
"Clepticus parrae",22.8490328794263
"Clinus latipennis",29.8229783853036
"Clinus superciliosus",10.2247439923746
"Clinus venustris",11.9903797781244
"Cnidoglanis macrocephalus",17.9219986813792
"Cochleoceps bicolor",14.921126709546
"Cochleoceps orientalis",10.4513826269575
"Conger verreauxi",91.9438294300034
"Congiopodus peruvianus",28.8651592319937
"Conniella apterygia",3.68009935589744
"Coradion altivelis",16.1620216364417
"Coradion chrysozonus",5.42325053176659
"Coris auricularis",9.80963645290166
"Coris aurilineata",9.13127747971513
"Coris aygula",8.36959385098269
"Coris batuensis",7.90201054135153
"Coris bulbifrons",9.53393360236131
"Coris caudimacula",8.05427220504704
"Coris centralis",7.75652658615106
"Coris cuvieri",6.7780150265786
"Coris debueni",9.25700951891129
"Coris dorsomacula",6.44579405361551
"Coris formosa",7.09354837090659
"Coris gaimard",8.07765666531458
"Coris hewetti",7.01572334994717
"Coris julis",11.1190321285381
"Coris picta",8.18544808856171
"Coris pictoides",9.93515793445258
"Coris roseoviridis",10.0180853239599
"Coris sandeyeri",9.3041686494429
"Coris venusta",11.3218718559895
"Coryphopterus alloides",21.8063256706446
"Coryphopterus dicrus",24.695245489705
"Coryphopterus eidolon",18.6573429054821
"Coryphopterus glaucofraenum",22.778791404037
"Coryphopterus hyalinus",22.290335082207
"Coryphopterus lipernes",21.0138914228221
"Coryphopterus personatus",21.0651396169766
"Coryphopterus thrix",17.1867941274591
"Coryphopterus tortugae",24.4594426877386
"Coryphopterus urospilus",23.5762044178661
"Cratinus agassizii",14.1629320587323
"Cremnochorites capensis",12.2731763488978
"Crenimugil crenilabis",40.3409741703969
"Cristiceps aurantiacus",13.03578745017
"Crocodilichthys gracilis",9.83876510568277
"Cromileptes altivelis",9.26052172631844
"Crossosalarias macrospilus",7.98082148566212
"Cryptichthys jojettae",7.36548200845137
"Cryptocentrus caeruleomaculatus",21.4621243509586
"Cryptocentrus caeruleopunctatus",22.4561944024414
"Cryptocentrus cinctus",22.3178046012614
"Cryptocentrus cryptocentrus",20.4370844849828
"Cryptocentrus fasciatus",20.9741245924693
"Cryptocentrus leucostictus",25.6342506041961
"Cryptocentrus strigilliceps",23.6428448464772
"Ctenochaetus binotatus",4.72824874163365
"Ctenochaetus cyanocheilus",5.81794865861185
"Ctenochaetus flavicauda",3.87661890231158
"Ctenochaetus hawaiiensis",4.22124178205238
"Ctenochaetus marginatus",8.37728248615519
"Ctenochaetus striatus",5.2883102223289
"Ctenochaetus tominiensis",5.40782549739373
"Ctenochaetus truncatus",3.18546469257289
"Ctenogobiops aurocingulus",18.1476612089403
"Ctenogobiops crocineus",17.8939964099223
"Ctenogobiops feroculus",17.9784427336369
"Ctenogobiops maculosus",19.2417382917791
"Ctenogobiops mitodes",17.0323502637984
"Ctenogobiops pomastictus",18.1385870884642
"Ctenogobiops tangaroai",16.1523674593744
"Ctenolabrus rupestris",3.87153287177882
"Cybiosarda elegans",40.3477255290393
"Cyclichthys orbicularis",36.4560024637737
"Cymatoceps nasutus",11.3857190274177
"Cymatogaster aggregata",9.09751742566718
"Cymbacephalus beauforti",26.953025428523
"Cypho purpurascens",9.1704213314432
"Cypho zaps",11.2142598915841
"Cyprinocirrhites polyactis",15.1185825310786
"Dactylophora nigricans",9.73622350894925
"Dactylopus dactylopus",15.1756448123909
"Daector reticulata",11.6706012306961
"Daector schmitti",14.0758042380143
"Dascyllus albisella",7.02810943683527
"Dascyllus aruanus",5.78458076125475
"Dascyllus carneus",6.34989286459576
"Dascyllus flavicaudus",6.10551433028775
"Dascyllus marginatus",5.91736342166867
"Dascyllus melanurus",5.90139801493515
"Dascyllus reticulatus",6.52456926432758
"Dascyllus strasburgi",5.79759348724697
"Dascyllus trimaculatus",6.77539078109603
"Decapterus koheru",9.85322656938919
"Decapterus macarellus",10.233896731076
"Decapterus muroadsi",6.06464184576407
"Decapterus punctatus",13.427353617142
"Dellichthys morelandi",12.7108370113265
"Dendrochirus barberi",10.1488768863152
"Dendrochirus zebra",10.739456785014
"Dentex dentex",27.9152976697285
"Dermatolepis dermatolepis",9.55397857026266
"Diademichthys lineatus",15.0970100632942
"Diagramma labiosum",9.6821033925342
"Diagramma melanacrum",24.9717882964303
"Dialommus fuscus",37.9271061988359
"Dicentrarchus labrax",13.6239382600001
"Dicentrarchus punctatus",18.06639226
"Dichistius capensis",8.99909810612626
"Dicotylichthys punctulatus",6.28612884548606
"Didogobius amicuscaridis",16.8070513219507
"Dinolestes lewini",30.3506457740782
"Diodon holocanthus",7.51405813875773
"Diodon hystrix",4.61977445407099
"Diodon liturosus",5.06409654293058
"Diodon nicthemerus",4.0797636519844
"Diplodus annularis",12.4716160541541
"Diplodus capensis",10.9917147763299
"Diplodus puntazzo",14.2385789075107
"Diplodus vulgaris",14.1664433040841
"Diplogrammus goramensis",17.9561358770522
"Diplogrammus xenicus",17.1204204343716
"Diploprion bifasciatum",15.4890496957761
"Diproctacanthus xanthurus",10.4764183762797
"Dipterygonotus balteatus",4.82008761484719
"Dischistodus chrysopoecilus",7.34021962515197
"Dischistodus darwiniensis",8.24981322691422
"Dischistodus melanotus",7.75352615279952
"Dischistodus perspicillatus",7.59022828406845
"Dischistodus prosopotaenia",7.12062309450006
"Dischistodus pseudochrysopoecilus",7.90538472459543
"Doratonotus megalepis",9.40012298058307
"Dotalabrus alleni",10.8522757201204
"Dotalabrus aurantiacus",10.6415956154023
"Dules auriga",12.2315640083662
"Echeneis naucrates",4.01303081164828
"Echeneis neucratoides",2.702588
"Echidna nebulosa",16.6516256126375
"Echidna nocturna",50.8779021814605
"Ecsenius aequalis",8.48589038573081
"Ecsenius alleni",9.56065405924653
"Ecsenius bandanus",9.36545440911369
"Ecsenius bathi",7.83261543501152
"Ecsenius bicolor",9.06154811555025
"Ecsenius fijiensis",6.21141491836958
"Ecsenius fourmanoiri",6.86204173223305
"Ecsenius frontalis",6.67205857528222
"Ecsenius gravieri",8.64144518666106
"Ecsenius kurti",6.894695993515
"Ecsenius lineatus",10.1375514142661
"Ecsenius lividanalis",9.59436623796153
"Ecsenius midas",9.88258393174526
"Ecsenius minutus",8.74656070910121
"Ecsenius nalolo",16.1871727264164
"Ecsenius namiyei",9.03739211192359
"Ecsenius oculatus",9.11994745381581
"Ecsenius prooculis",7.26494563064696
"Ecsenius randalli",9.84879110559574
"Ecsenius schroederi",9.2898785085084
"Ecsenius stictus",8.22219755144151
"Ecsenius stigmatura",8.62472047330206
"Ecsenius tigris",9.10226181715989
"Ecsenius tricolor",7.71729434496439
"Ecsenius trilineatus",7.50298628829885
"Ecsenius yaeyamaensis",8.04796805985732
"Ekemblemaria myersi",20.4760339037473
"Elacatinus atronasus",9.06923671622857
"Elacatinus evelynae",11.0459293135704
"Elacatinus figaro",11.9103320574937
"Elacatinus genie",9.53523522213411
"Elacatinus horsti",16.8996912346127
"Elacatinus jarocho",30.8454596549427
"Elacatinus oceanops",9.82612630872006
"Elacatinus prochilos",10.9401356554633
"Elacatinus puncticulatus",20.9913297328497
"Elacatinus randalli",12.3339805712963
"Elacatinus xanthiprora",19.3930156192238
"Elagatis bipinnulata",34.3931730446972
"Eleotrica cableae",26.8801509517654
"Elops affinis",130.966261
"Embiotoca jacksoni",6.02739520181076
"Embiotoca lateralis",4.9731254880472
"Emblemariopsis pricei",15.478563674194
"Emblemariopsis signifer",12.8176759199997
"Enchelycore lichenosa",21.2772887902808
"Enchelycore ramosa",21.5583440471068
"Engraulis australis",10.0664044000003
"Engraulis encrasicolus",10.06640435
"Enneanectes carminalis",8.44965487979595
"Enneanectes smithi",11.1662570995605
"Enneapterygius atrogulare",9.67843927881271
"Enneapterygius hemimelas",8.33389706258732
"Enneapterygius kermadecensis",9.0826784184336
"Enneapterygius larsonae",9.59603487671286
"Enneapterygius mirabilis",8.24682038811208
"Enneapterygius rufopileus",13.9966964284445
"Enneapterygius similis",10.9238350708521
"Enophrys diceraus",23.1880738930419
"Enoplosus armatus",18.7874720336397
"Entomacrodus chapmani",8.87371676915997
"Entomacrodus solus",9.02570718653577
"Eocallionymus papilio",29.1032461643406
"Epibulus brevis",10.0806866138651
"Epibulus insidiator",9.05435954543239
"Epinephelides armatus",11.7722392198441
"Epinephelus adscensionis",8.51492135369945
"Epinephelus akaara",8.56090647889275
"Epinephelus albomarginatus",9.26345504017068
"Epinephelus analogus",8.54037989227515
"Epinephelus areolatus",15.8696510325634
"Epinephelus bilobatus",11.5149648751169
"Epinephelus bleekeri",8.40218703971655
"Epinephelus bruneus",10.3911588373733
"Epinephelus coeruleopunctatus",8.54034591467757
"Epinephelus coioides",7.90598835804689
"Epinephelus corallicola",8.59137375663842
"Epinephelus costae",7.91412319622186
"Epinephelus cyanopodus",18.530218485081
"Epinephelus daemelii",10.2407785431268
"Epinephelus fasciatus",9.28464493524358
"Epinephelus fuscoguttatus",11.5478838148455
"Epinephelus guttatus",8.82671145042482
"Epinephelus hexagonatus",13.3609936902009
"Epinephelus howlandi",8.43277112445739
"Epinephelus irroratus",12.3761611266259
"Epinephelus itajara",9.49320908437775
"Epinephelus labriformis",8.82897253724224
"Epinephelus lanceolatus",9.72302010288378
"Epinephelus longispinis",10.1527176119652
"Epinephelus macrospilos",16.5308733447643
"Epinephelus maculatus",8.19963429353141
"Epinephelus malabaricus",9.29159424196584
"Epinephelus marginatus",9.3984226663086
"Epinephelus melanostigma",8.46917122783806
"Epinephelus merra",9.44676412416949
"Epinephelus morio",8.34626960620627
"Epinephelus multinotatus",17.6427351464476
"Epinephelus ongus",8.69599956044842
"Epinephelus polyphekadion",10.794221717132
"Epinephelus quoyanus",8.60509057352081
"Epinephelus rivulatus",8.0153854712124
"Epinephelus socialis",15.380841669005
"Epinephelus spilotoceps",17.8008171385927
"Epinephelus striatus",8.22228888147078
"Epinephelus tauvina",9.34538824218174
"Epinephelus tukula",9.76408237081237
"Epinephelus undulatostriatus",32.7074970438928
"Equetus punctatus",4.94281672552636
"Eubalichthys bucephalus",8.46163529696193
"Eubalichthys caeruleoguttatus",11.5779963812951
"Eubalichthys cyanoura",5.85291063026793
"Eubalichthys gunnii",7.17530818193732
"Eubalichthys mosaicus",6.98931437834333
"Eucinostomus dowii",32.9127355977102
"Eupetrichthys angustipes",6.66835418114386
"Euthynnus affinis",2.0875504299998
"Euthynnus lineatus",18.6258029200005
"Eutrigla gurnardus",15.5362620196264
"Eviota albolineata",23.629534976074
"Eviota atriventris",31.0624129120353
"Eviota bifasciata",25.4518846266313
"Eviota bimaculata",17.8308750282782
"Eviota fasciola",15.3122773547556
"Eviota guttata",25.9291460741704
"Eviota hoesei",22.8435193810488
"Eviota lachdeberei",14.1383231573468
"Eviota latifasciata",16.4167996853346
"Eviota melasma",19.8761934619887
"Eviota mikiae",24.4190350403628
"Eviota nigriventris",38.1781155477202
"Eviota pellucida",23.650947712816
"Eviota prasites",16.4021711701918
"Eviota raja",26.5747744779212
"Eviota readerae",18.8175464997788
"Eviota rubriceps",22.5967446154051
"Eviota sebreei",13.7048026063909
"Eviota sigillata",35.1259407259682
"Eviota storthynx",15.7987571582477
"Eviota zebrina",31.8471926563269
"Evistias acutirostris",12.1634596131397
"Evynnis cardinalis",18.9875711523239
"Exallias brevis",8.26582573109259
"Exyrias belissimus",23.2439105401629
"Favonigobius lateralis",23.4921855446085
"Foetorepus calauropomus",17.5479676800817
"Forcipiger flavissimus",7.09761289231309
"Forcipiger longirostris",9.59845922999985
"Forsterygion capito",4.46236227374726
"Forsterygion flavonigrum",5.44038488935685
"Forsterygion gymnotum",4.90923584449112
"Forsterygion lapillum",4.84183076417636
"Forsterygion malcolmi",7.02293543302207
"Forsterygion maryannae",6.50096601143434
"Forsterygion varium",5.59766933360428
"Furcina osimae",24.507582365999
"Fusigobius duospilus",17.6114297517819
"Fusigobius inframaculatus",15.3153015260411
"Fusigobius melacron",18.1284574891893
"Fusigobius neophytus",16.1488227696108
"Fusigobius signipinnis",16.238197924941
"Gadus morhua",8.37138174999995
"Gasterosteus aculeatus",23.2347380982406
"Genicanthus caudovittatus",7.57839224660112
"Genicanthus lamarck",11.4254189953421
"Genicanthus semicinctus",7.24049982804436
"Genicanthus watanabei",8.95915980943894
"Genypterus tigerinus",108.470721170001
"Gerres cinereus",34.918448497137
"Gerres equulus",32.9541494487657
"Gerres subfasciatus",43.0235686120527
"Gillellus chathamensis",23.2710332353513
"Girella cyanea",4.50154625715862
"Girella elevata",6.74263728565435
"Girella fimbriata",6.58964191364842
"Girella freminvillii",10.6812676617941
"Girella nigricans",6.84479968521113
"Girella punctata",7.93177141624065
"Girella simplicidens",6.24673492435256
"Girella tephraeops",4.86668890297307
"Girella tricuspidata",6.28898942607708
"Girella zebra",4.9223534428772
"Glaucosoma hebraicum",26.136460531826
"Glaucosoma magnificum",34.725655767559
"Glaucosoma scapulare",26.0557434799997
"Glyptoparus delicatulus",10.1636223113437
"Gnathanacanthus goetzeei",8.28783675879826
"Gnathanodon speciosus",15.1783105230687
"Gnathodentex aureolineatus",29.0883745445734
"Gnatholepis anjerensis",26.6009159593936
"Gnatholepis cauerensis",26.6674194598933
"Gnatholepis thompsoni",26.7539258574316
"Gobiesox woodsi",26.4641744275702
"Gobiodon citrinus",17.4722700498345
"Gobiodon heterospilos",20.2110435773684
"Gobiodon histrio",15.2368661218752
"Gobiodon okinawae",16.2893987602699
"Gobiodon quinquestrigatus",16.1927555979804
"Gobiodon spilophthalmus",17.5702941973877
"Gobiosoma hildebrandi",26.4067236419257
"Gobiosoma spilotum",28.1985162969925
"Gobius bucchichi",20.1197756037009
"Gobius cruentatus",32.758883500859
"Gobius fallax",25.0930345220107
"Gobius niger",28.3954748362202
"Gobius paganellus",23.6589015693299
"Gobius tetrophthalmus",25.3069920002851
"Gobius xanthocephalus",20.0814493469794
"Gobiusculus flavescens",15.5285527668401
"Gomphosus caeruleus",13.2437392302815
"Gomphosus varius",12.4945625568005
"Gorgasia galzini",1.40547000000013
"Gracila albomarginata",9.83860612300481
"Gramma brasiliensis",24.0905671814775
"Gramma loreto",24.4628071955675
"Grammatorcynus bicarinatus",4.65591327999998
"Grammatorcynus bilineatus",14.67217757
"Grammistes sexlineatus",9.34294519389486
"Gunnellichthys monostigma",20.8018644597715
"Gymnocaesio gymnoptera",4.34437713839481
"Gymnocanthus tricuspis",23.7735624724638
"Gymnoclinus cristulatus",23.6914808017865
"Gymnocranius audleyi",22.431230265966
"Gymnocranius euanus",13.6677920568412
"Gymnocranius microdon",16.0896212481725
"Gymnocrotaphus curvidens",15.4731273297229
"Gymnomuraena zebra",35.9897231628062
"Gymnosarda unicolor",27.9054016799995
"Gymnothorax annasona",16.2026204163596
"Gymnothorax breedeni",25.9859096006184
"Gymnothorax castaneus",19.9221417550558
"Gymnothorax cribroris",22.2195109878664
"Gymnothorax dovii",24.6103225407257
"Gymnothorax eurostus",14.5464111169676
"Gymnothorax favagineus",17.3504973428312
"Gymnothorax fimbriatus",13.0762640902755
"Gymnothorax flavimarginatus",17.1060883303484
"Gymnothorax funebris",33.5106261618022
"Gymnothorax javanicus",13.8234513109551
"Gymnothorax meleagris",20.0384853505804
"Gymnothorax miliaris",19.2185313085351
"Gymnothorax moringa",29.4078528986261
"Gymnothorax nubilus",20.9333804449744
"Gymnothorax obesus",12.7682500562264
"Gymnothorax panamensis",16.008281690244
"Gymnothorax pictus",17.6073656165413
"Gymnothorax porphyreus",15.7627218062145
"Gymnothorax prasinus",20.3778458108404
"Gymnothorax prionodon",14.6651381159784
"Gymnothorax thyrsoideus",15.2868703581582
"Gymnothorax undulatus",17.9933264269482
"Gymnothorax zonipectis",13.4444524445632
"Haemulon album",11.6602232419117
"Haemulon aurolineatum",15.3743539742613
"Haemulon carbonarium",8.5867171631766
"Haemulon chrysargyreum",13.9296166442819
"Haemulon flaviguttatum",4.42880925498942
"Haemulon flavolineatum",10.5529654413058
"Haemulon macrostomum",7.07005479876968
"Haemulon maculicauda",6.78141346395951
"Haemulon melanurum",10.5668399846997
"Haemulon parra",6.59495111112142
"Haemulon plumierii",10.8736052146448
"Haemulon sciurus",9.1650603435087
"Haemulon scudderii",9.4605232324288
"Haemulon sexfasciatum",10.0567955309222
"Haemulon steindachneri",6.47141679084021
"Haemulon vittatum",14.1959341105871
"Haletta semifasciata",12.0071056918968
"Halichoeres adustus",9.23287200275366
"Halichoeres argus",8.94738609783997
"Halichoeres biocellatus",7.3040662742051
"Halichoeres bivittatus",7.06161538944161
"Halichoeres brasiliensis",7.13989806483457
"Halichoeres brownfieldi",9.94914126382864
"Halichoeres burekae",8.75321207462884
"Halichoeres chierchiae",7.63009529091466
"Halichoeres chloropterus",8.57440475508088
"Halichoeres chrysus",9.47782039866694
"Halichoeres cosmetus",6.2992146788261
"Halichoeres cyanocephalus",6.52719076730357
"Halichoeres dimidiatus",9.18194950821374
"Halichoeres discolor",6.03163525807785
"Halichoeres dispilus",7.3655131867536
"Halichoeres erdmanni",7.16311363921509
"Halichoeres garnoti",6.97868863554626
"Halichoeres hartzfeldii",7.42240059253024
"Halichoeres hortulanus",10.3058116970353
"Halichoeres insularis",10.8590432407588
"Halichoeres iridis",9.88302543853406
"Halichoeres leucoxanthus",11.0951502467434
"Halichoeres leucurus",10.522808088432
"Halichoeres maculipinna",7.83896003984098
"Halichoeres malpelo",2.54740611181256
"Halichoeres margaritaceus",9.92855146627802
"Halichoeres marginatus",10.2274080769849
"Halichoeres melanochir",7.74219001944229
"Halichoeres melanurus",11.2798309279545
"Halichoeres melasmapomus",6.66902651086445
"Halichoeres miniatus",8.02057014268998
"Halichoeres nebulosus",8.10355946809345
"Halichoeres nicholsi",6.1622311368565
"Halichoeres nigrescens",9.95635094315587
"Halichoeres notospilus",7.30965424314089
"Halichoeres orientalis",13.9908840237433
"Halichoeres ornatissimus",6.21229986503938
"Halichoeres pictus",8.16432857077658
"Halichoeres poeyi",6.66604574953216
"Halichoeres prosopeion",10.4551195924172
"Halichoeres radiatus",6.39072860858742
"Halichoeres richmondi",10.9743685851868
"Halichoeres salmofasciatus",9.88108227077026
"Halichoeres scapularis",8.35182088041693
"Halichoeres semicinctus",8.05586921172281
"Halichoeres socialis",8.74567885580688
"Halichoeres solorensis",9.89292931020857
"Halichoeres tenuispinis",13.3955327652635
"Halichoeres timorensis",12.9303286908703
"Halichoeres trimaculatus",7.99773066088689
"Halichoeres trispilus",7.89005818975785
"Helcogramma chica",10.8814596246928
"Helcogramma decurrens",14.767044065076
"Helcogramma maldivensis",10.667611314604
"Helcogramma striata",8.49230843270413
"Helcogrammoides cunninghami",9.02844653803405
"Helicolenus percoides",11.0245346221502
"Helotes sexlineatus",7.47598673689787
"Hemiglyphidodon plagiometopon",9.58527213089476
"Hemigymnus fasciatus",9.33202017207486
"Hemigymnus melapterus",9.44753591628043
"Hemilepidotus jordani",17.6663366491669
"Hemiramphus depauperatus",49.0637603942594
"Hemitaurichthys multispinosus",4.78963011977109
"Hemitaurichthys polylepis",1.64311799293397
"Hemitaurichthys thompsoni",7.50274665944772
"Hemitaurichthys zoster",2.45631537279513
"Heniochus acuminatus",2.25392257151615
"Heniochus chrysostomus",7.10398225397347
"Heniochus diphreutes",2.39526190076499
"Heniochus intermedius",3.06857847793954
"Heniochus monoceros",2.85964691726925
"Heniochus pleurotaenia",4.65483101559083
"Heniochus singularius",3.44543624723743
"Heniochus varius",6.59899669609584
"Heteroclinus adelaidae",16.7109047449825
"Heteroclinus johnstoni",14.0699464341913
"Heteroclinus perspicillatus",12.6816435211233
"Heteroclinus roseus",7.87574547655351
"Heteroclinus tristis",9.556503420194
"Heteroconger hassi",17.1132668199988
"Heteropriacanthus cruentatus",33.0180892613605
"Heteroscarus acroptilus",11.9553951801931
"Heterostichus rostratus",21.8634170835565
"Hexagrammos agrammus",17.4678042318169
"Hexagrammos decagrammus",17.1410811339867
"Hexagrammos otakii",17.5499420852706
"Hexagrammos stelleri",19.2983845588552
"Hipposcarus harid",9.18069992948392
"Hipposcarus longiceps",8.2581767689933
"Holacanthus bermudensis",3.20616904684585
"Holacanthus ciliaris",6.05794715037936
"Holacanthus clarionensis",4.22790382906883
"Holacanthus passer",1.5881332993584
"Holacanthus tricolor",8.82640380703767
"Holocentrus adscensionis",8.20122522500306
"Holocentrus rufus",6.74267532136108
"Hologymnosus annulatus",10.3802210521078
"Hologymnosus doliatus",10.7468892298136
"Hoplolatilus cuniculus",26.2427618630322
"Hoplolatilus starcki",31.4075042309167
"Hoplopagrus guentherii",9.5532546398795
"Hyperlophus vittatus",88.7533219900039
"Hypoatherina barnesi",47.0873437200112
"Hypoplectrodes annulatus",15.9056388086348
"Hypoplectrodes huntii",16.3978959537929
"Hypoplectrodes maccullochi",16.6665649868669
"Hypoplectrodes nigroruber",15.8740789241285
"Hypoplectrus aberrans",7.65169665042269
"Hypoplectrus castroaguirrei",6.00605264568775
"Hypoplectrus chlorurus",6.98412894679935
"Hypoplectrus gemma",7.97689580118704
"Hypoplectrus guttavarius",7.72755372831047
"Hypoplectrus indigo",7.38604826074184
"Hypoplectrus maya",6.70608040770144
"Hypoplectrus nigricans",6.89919926431393
"Hypoplectrus providencianus",6.37256528390666
"Hypoplectrus puella",7.2880865301362
"Hypoplectrus unicolor",8.1439537680469
"Hyporhamphus affinis",49.063760394261
"Hyporthodus flavolimbatus",10.5186671915423
"Hyporthodus niveatus",10.0194856274757
"Hyporthodus octofasciatus",9.4203971340359
"Hypsoblennius proteus",7.31293986625864
"Hypsurus caryi",7.33972128769092
"Hypsypops rubicundus",10.2915002886159
"Iniistius celebicus",2.84165618524419
"Iniistius pavo",14.9695945209973
"Inimicus caledonicus",13.2043588231617
"Inimicus filamentosus",12.569091297262
"Isocirrhitus sexfasciatus",20.0373646199723
"Istigobius campbelli",21.3940767113782
"Istigobius decoratus",20.6550415721984
"Istigobius goldmanni",20.2740956943999
"Istigobius hoesei",18.9648735382397
"Istigobius nigroocellatus",16.9072366672111
"Istigobius rigilius",15.1609365613355
"Itycirrhitus wilhelmi",15.520070103696
"Jenkinsia lamprotaenia",90.1148038700053
"Johnrandallia nigrirostris",7.84827859094086
"Jordania zonope",19.9536959703721
"Karalepis stewarti",7.75000441826833
"Koumansetta hectori",23.9717041096854
"Koumansetta rainfordi",24.2071089145967
"Kuhlia mugil",8.88475925113821
"Kyphosus analogus",16.3867310892998
"Kyphosus bigibbus",27.6679194891986
"Kyphosus cinerascens",6.73969258577341
"Kyphosus cornelii",30.4015702581066
"Kyphosus elegans",6.13965470275504
"Kyphosus incisor",18.2213585285938
"Kyphosus sectatrix",21.7860869669332
"Kyphosus sydneyanus",8.60973068403493
"Kyphosus vaigiensis",10.7182571927093
"Labracinus cyclophthalmus",6.67321728215318
"Labracinus lineatus",7.06973594258015
"Labracoglossa nitida",10.8467803896153
"Labrichthys unilineatus",9.26952509229431
"Labrisomus cricota",21.3506352514282
"Labrisomus jenkinsi",25.7486993483832
"Labrisomus multiporosus",18.5434757451364
"Labrisomus nuchipinnis",27.6139901315662
"Labrisomus socorroensis",11.431140000875
"Labroides bicolor",9.56383449141082
"Labroides dimidiatus",9.77959585230571
"Labroides pectoralis",9.40972562107916
"Labroides phthirophagus",8.81876864167551
"Labroides rubrolabiatus",9.60874882093025
"Labropsis alleni",13.1308730566167
"Labropsis australis",9.28494888279915
"Labropsis manabei",11.5159401392082
"Labropsis micronesica",11.9027075058521
"Labropsis xanthonota",12.8545873133141
"Labrus bergylta",6.96837072794387
"Labrus merula",5.53229014202392
"Labrus mixtus",5.21410942344793
"Labrus viridis",5.91169750121824
"Lachnolaimus maximus",52.3738510412757
"Lactophrys bicaudalis",21.7455820200009
"Lactoria diaphana",10.8065193054654
"Lactoria fornasini",8.60123831606284
"Larabicus quadrilineatus",8.44762310128557
"Latridopsis ciliaris",13.8682477926168
"Latridopsis forsteri",13.6846240247215
"Latropiscis purpurissatus",58.9398030770285
"Leiocottus hirundo",16.6525747935056
"Lepidonectes bimaculatus",8.15003266752768
"Lepidonectes clarkhubbsi",10.6555727707977
"Lepidonectes corallicola",9.38318280794997
"Lepidozygus tapeinosoma",7.51245298315103
"Leptatherina presbyteroides",55.7832872499995
"Leptocottus armatus",21.9807606526606
"Leptojulis cyanopleura",6.6265650601137
"Leptoscarus vaigiensis",11.7884028089876
"Lesueurigobius friesii",19.6070470750554
"Lethrinus amboinensis",15.5715931635541
"Lethrinus atkinsoni",10.8779836691521
"Lethrinus borbonicus",11.1692456591068
"Lethrinus erythracanthus",20.2177492816383
"Lethrinus erythropterus",19.2647877020839
"Lethrinus genivittatus",25.3002756363435
"Lethrinus harak",10.2367168127083
"Lethrinus laticaudis",8.26946906100006
"Lethrinus lentjan",9.47992107821548
"Lethrinus microdon",19.7682492191434
"Lethrinus miniatus",16.5037051395724
"Lethrinus nebulosus",11.3826218420427
"Lethrinus obsoletus",7.62204996718206
"Lethrinus olivaceus",15.6930830967524
"Lethrinus ornatus",11.6078998988707
"Lethrinus rubrioperculatus",15.1665910947513
"Lethrinus semicinctus",26.4054496752305
"Lethrinus variegatus",18.4448039062356
"Lethrinus xanthochilus",15.4294735452034
"Leviprora inops",26.4158279902638
"Limnichthys fasciatus",52.4791330511847
"Liparis montagui",18.2669592217993
"Lipophrys pholis",9.5638601258289
"Lithognathus lithognathus",12.9173264927688
"Lithognathus mormyrus",17.9138744800359
"Liza luciae",46.2695391355496
"Lotella rhacina",15.0835465700005
"Lotilia graciliosa",25.5906824547702
"Lucayablennius zingaro",13.7465975829983
"Lutjanus adetii",9.37118493785133
"Lutjanus alexandrei",11.443915701533
"Lutjanus analis",6.40124342574412
"Lutjanus apodus",7.41793132383258
"Lutjanus aratus",5.987144729198
"Lutjanus argentimaculatus",5.57898393730355
"Lutjanus argentiventris",5.23647925662188
"Lutjanus biguttatus",6.01366793718003
"Lutjanus bohar",6.2245032840878
"Lutjanus boutton",6.73467986731851
"Lutjanus campechanus",8.54295915543864
"Lutjanus carponotatus",5.02886360480749
"Lutjanus cyanopterus",6.44464722629437
"Lutjanus decussatus",7.36563989642483
"Lutjanus ehrenbergii",5.22255646515333
"Lutjanus erythropterus",9.27441064495555
"Lutjanus fulviflamma",6.02425245664542
"Lutjanus fulvus",6.62719977760837
"Lutjanus gibbus",4.55946937486672
"Lutjanus griseus",5.82523148051765
"Lutjanus guttatus",6.26435478127374
"Lutjanus inermis",4.30908774775993
"Lutjanus jocu",5.26744737518795
"Lutjanus johnii",7.95062935876457
"Lutjanus jordani",5.88127162957908
"Lutjanus kasmira",7.43238558159371
"Lutjanus lemniscatus",18.1912057627211
"Lutjanus lutjanus",5.85447039992125
"Lutjanus mahogoni",7.4175498356698
"Lutjanus monostigma",4.64764791977739
"Lutjanus novemfasciatus",5.92351723407699
"Lutjanus quinquelineatus",6.6128910721353
"Lutjanus rivulatus",8.01441401874045
"Lutjanus rufolineatus",5.56131646027879
"Lutjanus russellii",4.50717294863101
"Lutjanus sebae",7.79578522995656
"Lutjanus semicinctus",5.02480725662514
"Lutjanus synagris",6.85828423379246
"Lutjanus viridis",4.17952165858844
"Lutjanus vitta",6.31535976744392
"Luzonichthys waitei",13.5062686981377
"Luzonichthys whitleyi",15.7193067263975
"Lythrypnus dalli",19.2476224363919
"Lythrypnus gilberti",21.4688142442324
"Lythrypnus insularis",18.0545685033053
"Macolor macularis",7.66693643522311
"Macolor niger",8.54136719755149
"Macrodontogobius wilburi",29.0020109379659
"Macropharyngodon bipartitus",13.2202251766776
"Macropharyngodon choati",13.1180585425539
"Macropharyngodon geoffroy",13.2509041478031
"Macropharyngodon kuiteri",12.7114543130391
"Macropharyngodon meleagris",12.6284462565093
"Macropharyngodon negrosensis",13.4267280543128
"Macropharyngodon ornatus",11.1494556193435
"Malacanthus brevirostris",27.0417585028498
"Malacanthus latovittatus",23.2751784808518
"Malacanthus plumieri",21.7317457488785
"Malacoctenus boehlkei",15.9116512999331
"Malacoctenus ebisui",11.1577262082005
"Malacoctenus hubbsi",6.30364579918653
"Malacoctenus macropus",10.8027761729852
"Malacoctenus margaritae",13.78413320966
"Malacoctenus tetranemus",9.35726929214696
"Malacoctenus triangulatus",7.46333856898477
"Malacoctenus zonifer",5.99093600093093
"Malacoctenus zonogaster",6.6058429646835
"Manonichthys splendens",11.2866101896979
"Maxillicosta scabriceps",20.3467840509137
"Mccoskerichthys sandae",35.6444592809714
"Mecaenichthys immaculatus",13.8852011147038
"Medialuna californiensis",10.4242856363514
"Megalops atlanticus",130.966262
"Meiacanthus abruptus",6.51642017025014
"Meiacanthus atrodorsalis",6.63487044468349
"Meiacanthus bundoon",8.75851412003706
"Meiacanthus crinitus",10.0505833390302
"Meiacanthus ditrema",8.51885542033432
"Meiacanthus grammistes",6.84440678938972
"Meiacanthus kamoharai",7.97244867243167
"Meiacanthus lineatus",7.67695622795569
"Meiacanthus luteus",7.05824952091558
"Meiacanthus mossambicus",7.34612780812338
"Meiacanthus naevius",8.60030656959792
"Meiacanthus nigrolineatus",6.44042933393535
"Meiacanthus oualanensis",6.29115429415329
"Meiacanthus phaeus",8.59661240164168
"Meiacanthus smithi",7.47852495421941
"Meiacanthus tongaensis",9.77776753981499
"Melanogrammus aeglefinus",30.14166817
"Melichthys indicus",13.576737950001
"Melichthys niger",1.45104366
"Melichthys vidua",1.16290803999999
"Mendosoma lineatum",13.9090948586057
"Meuschenia australis",4.12552937946018
"Meuschenia flavolineata",4.23414689462145
"Meuschenia freycineti",3.94483052401456
"Meuschenia galii",3.37897864387906
"Meuschenia hippocrepis",5.01261872148095
"Meuschenia scaber",4.39430969390899
"Meuschenia trachylepis",5.99177522563577
"Meuschenia venusta",3.83704277253717
"Microcanthus strigatus",7.06475238576734
"Microgobius microlepis",20.6856274697014
"Microlepidotus brevipinnis",27.6194013742791
"Microspathodon bairdii",10.0007927053898
"Microspathodon chrysurus",11.7747104145582
"Microspathodon dorsalis",10.8741420688822
"Mimoblennius lineathorax",9.75811300668212
"Mola mola",77.8845029400002
"Molva molva",25.4124518799985
"Monacanthus chinensis",9.79657093445832
"Monacanthus tuckeri",22.3384361888535
"Monodactylus argenteus",14.3148776293108
"Monotaxis grandoculis",26.9126229728908
"Mugil cephalus",35.3363434745027
"Mugil curema",31.1144481974621
"Mugil galapagensis",35.4064774261468
"Mulloidichthys dentatus",17.0486670775247
"Mulloidichthys flavolineatus",21.7921327823413
"Mulloidichthys martinicus",17.888031876902
"Mulloidichthys mimicus",19.4188002444291
"Mulloidichthys vanicolensis",15.8478980188346
"Mullus argentinae",19.2762804711338
"Mullus surmuletus",15.1179509680102
"Muraena argus",15.5708098221146
"Muraena augusti",15.7710360518485
"Muraena clepsydra",22.7180980928476
"Muraena helena",15.7128865473053
"Muraena lentiginosa",16.6240172900072
"Mycteroperca bonaci",8.90442250978901
"Mycteroperca fusca",8.62226159472817
"Mycteroperca interstitialis",6.67414881808272
"Mycteroperca jordani",8.3948053136643
"Mycteroperca microlepis",7.66995594601889
"Mycteroperca olfax",23.918476220864
"Mycteroperca rosacea",7.47147175146097
"Mycteroperca tigris",6.34400108288497
"Mycteroperca venenosa",8.60327639820361
"Mycteroperca xenarcha",7.01874656937739
"Myoxocephalus scorpius",20.621597206312
"Myrichthys maculosus",56.6862462238849
"Myrichthys tigrinus",15.8361354180109
"Myripristis adusta",4.96825093987169
"Myripristis amaena",3.66910705954524
"Myripristis berndti",4.30966291538492
"Myripristis clarionensis",4.57452724823857
"Myripristis earlei",5.26481210738978
"Myripristis gildi",4.02123647646949
"Myripristis hexagona",3.55294972071963
"Myripristis jacobus",4.77394528464
"Myripristis kochiensis",4.53279957251842
"Myripristis kuntee",4.17608414966847
"Myripristis leiognathus",5.20394711145282
"Myripristis murdjan",3.54026425626165
"Myripristis pralinia",8.51240288843077
"Myripristis randalli",4.2806344603699
"Myripristis tiki",5.18022034454307
"Myripristis violacea",5.77699143594043
"Myripristis vittata",4.607691883142
"Nannosalarias nativitatis",9.47597889899022
"Naso annulatus",5.09367021000031
"Naso brachycentron",1.8657015105297
"Naso brevirostris",7.2664900962225
"Naso caeruleacauda",27.0794856871973
"Naso caesius",1.37605288
"Naso elegans",2.59142289148022
"Naso fageni",2.41012368052968
"Naso hexacanthus",1.9550562999998
"Naso lituratus",5.9341276014803
"Naso lopezi",2.9646796230609
"Naso thynnoides",40.509049566105
"Naso tonganus",1.5243562179978
"Naso tuberosus",1.0128022379978
"Naso unicornis",14.85158795
"Naso vlamingii",6.0099535293835
"Naucrates ductor",9.29992814876579
"Neatypus obliquus",6.65979546228159
"Nectamia bandanensis",15.4208554997677
"Nectamia similis",26.1249454993097
"Nelusetta ayraud",6.43556844970485
"Nemadactylus bergi",7.73250449862462
"Nemadactylus douglasii",5.7301107416606
"Nemadactylus macropterus",5.27442832186966
"Nemadactylus valenciennesi",4.54248610328951
"Nemateleotris magnifica",19.3204111611126
"Neocirrhites armatus",15.681222715458
"Neoditrema ransonnetii",8.09229873309222
"Neoglyphidodon bonang",7.26972084391625
"Neoglyphidodon carlsoni",8.13004621277901
"Neoglyphidodon crossi",7.71125957982797
"Neoglyphidodon melas",9.69713844372198
"Neoglyphidodon nigroris",8.91166361195199
"Neoglyphidodon oxyodon",8.32266502056397
"Neoglyphidodon polyacanthus",8.66518531462379
"Neoglyphidodon thoracotaeniatus",8.39905964473847
"Neomyxus leuciscus",42.7038635482384
"Neoniphon argenteus",6.62622058263108
"Neoniphon marianus",8.07360486862209
"Neoniphon opercularis",4.95657442629178
"Neoniphon sammara",6.07685227220027
"Neoodax balteatus",16.3463994957719
"Neopomacentrus anabatoides",5.01192683675252
"Neopomacentrus aquadulcis",7.75169111191864
"Neopomacentrus azysron",5.93671344501454
"Neopomacentrus bankieri",6.93126078189146
"Neopomacentrus cyanomos",6.44017576754306
"Neopomacentrus filamentosus",6.34633359158907
"Neopomacentrus metallicus",5.2983953909216
"Neopomacentrus miryae",5.2007164104033
"Neopomacentrus nemurus",5.78794758920446
"Neopomacentrus violascens",5.22181880536952
"Neosebastes pandus",18.9143299507055
"Neosebastes scorpaenoides",23.9487419940659
"Nesogobius hinsbyi",21.3630983988326
"Nesogobius pulchellus",23.2627031397661
"Nexilosus latifrons",5.79737484302916
"Nicholsina denticulata",12.3392896114816
"Notocirrhitus splendens",16.8283752803502
"Notoclinops segmentatus",8.29713160357991
"Notoclinops yaldwyni",8.86115337782054
"Notoclinus fenestratus",9.38567801956914
"Notolabrus celidotus",4.31432861368898
"Notolabrus cinctus",10.1873012165833
"Notolabrus fucicola",13.7956564722165
"Notolabrus gymnogenis",10.2362148798954
"Notolabrus inscriptus",7.98481553201182
"Notolabrus parilus",10.3884245786355
"Notolabrus tetricus",10.0293008663933
"Novaculichthys taeniourus",16.0449052804082
"Oblada melanura",16.6206843609834
"Ocyurus chrysurus",7.80020775408672
"Odax cyanoallix",12.8845342967684
"Odax pullus",13.6379612691499
"Odontoscion dentex",4.34485282899311
"Odontoscion eurymesops",7.3621543124137
"Odontoscion xanthops",5.93415904638323
"Odonus niger",5.87001384999943
"Ogcocephalus darwini",63.4091119437494
"Ogilbia cocoensis",14.2836487423023
"Ogilbia galapagosensis",11.358160012158
"Ogilbichthys ferocis",16.4018164548681
"Ogilbyina novaehollandiae",5.2403212171711
"Ogilbyina queenslandiae",5.91822938638602
"Olisthops cyanomelas",12.7887547094255
"Oman ypsilon",11.4632811843804
"Omegophora armilla",8.35552680216315
"Omegophora cyanopunctata",20.8779480691234
"Omobranchus aurosplendidus",6.61650722525082
"Omobranchus germaini",8.81108613351136
"Omobranchus mekranensis",7.18150744947328
"Omobranchus smithi",9.39844649636896
"Ophioblennius atlanticus",9.18752407984948
"Ophioblennius clippertonensis",9.89776329742197
"Ophioblennius steindachneri",9.20391163420827
"Ophiodon elongatus",17.8833289015903
"Ophthalmolepis lineolata",9.78421045512197
"Opisthocentrus ocellatus",16.0965400966117
"Opisthocentrus tenuis",20.6652977315647
"Opisthocentrus zonope",21.6343761272058
"Opistognathus aurifrons",21.1960696479566
"Opistognathus darwiniensis",31.1171434882881
"Opistognathus randalli",35.942318789375
"Oplegnathus conwayi",36.3784228614366
"Oplegnathus insignis",38.8600598241804
"Optivus agastos",65.1531380754648
"Orthonopias triacis",17.5758380985332
"Orthopristis forbesi",28.4170905762346
"Ostorhinchus angustatus",11.8331012167704
"Ostorhinchus apogonoides",15.335491285762
"Ostorhinchus aureus",14.628644434458
"Ostorhinchus chrysotaenia",16.6984262696054
"Ostorhinchus compressus",13.2857665166044
"Ostorhinchus cookii",16.0078515733049
"Ostorhinchus cyanosoma",13.9815311809466
"Ostorhinchus fasciatus",15.1148858463516
"Ostorhinchus luteus",16.3136009996163
"Ostorhinchus multilineatus",41.7800691434607
"Ostorhinchus nigrofasciatus",14.7221341877965
"Ostorhinchus parvulus",15.7048702893164
"Ostorhinchus properuptus",17.3282298725628
"Ostorhinchus rubrimacula",20.7061403496433
"Ostorhinchus schlegeli",14.9578231763138
"Ostorhinchus sealei",16.9165820827793
"Ostorhinchus wassinki",17.1153124716683
"Ostracion cubicus",1.63635266322765
"Ostracion cyanurus",10.8670562713701
"Ostracion immaculatus",0.408650149917328
"Ostracion meleagris",2.22609693181619
"Ostracion solorensis",11.0960789035979
"Ostracion whitleyi",0.596475338545679
"Othos dentex",32.1071431380124
"Oxycercichthys veliferus",4.90678317917032
"Oxycheilinus bimaculatus",16.1766014443346
"Oxycheilinus celebicus",11.1269505842916
"Oxycheilinus digramma",10.9835446226721
"Oxycheilinus mentalis",13.9467827346439
"Oxycheilinus orientalis",10.9520373968903
"Oxycheilinus unifasciatus",10.9189397702713
"Oxycirrhites typus",19.3756513052253
"Oxyjulis californica",9.17112985352014
"Oxylebius pictus",25.701210136034
"Oxymonacanthus longirostris",18.2161850063724
"Pachymetopon aeneum",7.51113732123744
"Pachymetopon blochii",6.88717612617628
"Pachymetopon grande",13.0048972270699
"Pagellus acarne",17.9862113892843
"Pagellus erythrinus",29.4040700899084
"Pagrus auriga",29.4208818467175
"Pagrus pagrus",26.9541246691334
"Parablennius gattorugine",11.0896165400527
"Parablennius incognitus",9.17451267826567
"Parablennius intermedius",8.36021898242835
"Parablennius laticlavius",7.16372385802178
"Parablennius marmoreus",4.81323260487851
"Parablennius pilicornis",6.02185782401757
"Parablennius rouxi",6.30749591368719
"Parablennius sanguinolentus",9.08991003581164
"Parablennius serratolineatus",9.19670075140842
"Parablennius tasmanianus",7.16786006707887
"Parablennius zvonimiri",7.81659585673328
"Paracaesio xanthura",23.6884877532842
"Paracanthurus hepatus",9.41176472300239
"Paracentropyge multifasciata",13.6960452445081
"Parachaetodon ocellatus",9.34449906657014
"Paracheilinus cyaneus",12.7407014629051
"Paracheilinus octotaenia",11.1988396716996
"Paracirrhites arcatus",20.6026207603168
"Paracirrhites forsteri",20.0265703049097
"Paracirrhites hemistictus",20.9329749726048
"Paracirrhites nisus",17.9677185402088
"Paracirrhites xanthus",18.2869401643675
"Paradiancistrus cuyoensis",28.309541133497
"Paragobiodon echinocephalus",26.9650004085343
"Paragobiodon xanthosoma",28.690148913343
"Parajulis poecilepterus",14.170149230571
"Paralabrax albomaculatus",9.70398187903836
"Paralabrax auroguttatus",8.43315996743716
"Paralabrax clathratus",8.95675308020555
"Paralabrax maculatofasciatus",7.82037496237709
"Paralabrax nebulifer",7.66154146468116
"Paraluteres prionurus",13.3393074183414
"Paramonacanthus japonicus",6.74106398976723
"Paranotothenia magellanica",13.5744630629028
"Paranthias colonus",9.56338528660191
"Paranthias furcifer",9.01791772180558
"Parapercis australis",10.6760800565643
"Parapercis clathrata",7.9259697634435
"Parapercis colias",7.68886634471984
"Parapercis haackei",12.3402085594776
"Parapercis hexophtalma",8.02254335445141
"Parapercis lineopunctata",8.13354995162033
"Parapercis millepunctata",6.85128364274879
"Parapercis multiplicata",9.63036956627761
"Parapercis pacifica",22.4491349857159
"Parapercis queenslandica",5.19549457014593
"Parapercis ramsayi",15.3777095862075
"Parapercis schauinslandii",9.55693892267636
"Parapercis snyderi",8.02227823282854
"Parapercis stricticeps",6.3833673692701
"Parapercis tetracantha",13.0065418917611
"Parapercis xanthogramma",38.0853932582297
"Parapercis xanthozona",7.06549742739145
"Paraplesiops bleekeri",3.20316023066964
"Paraplesiops meleagris",4.18307976231172
"Paraplesiops poweri",4.10331611446388
"Paraplotosus butleri",21.3464724348542
"Parapriacanthus dispar",32.204438757156
"Parapriacanthus elongatus",13.8799720907451
"Parapriacanthus ransonneti",28.0771885022744
"Parapristipoma octolineatum",17.5908460658846
"Parapristipoma trilineatum",24.2201652463621
"Parascorpis typus",7.83403518053566
"Paratrachichthys trailli",54.9796195424402
"Pareques acuminatus",12.3520173893008
"Pareques perissa",6.46891971984351
"Pareques viola",11.7506880941452
"Parequula melbournensis",34.6656505562019
"Paristiopterus gallipavo",10.0006415739362
"Paristiopterus labiosus",6.76445395065979
"Parma alboscapularis",5.9765991712219
"Parma bicolor",2.68264258071922
"Parma kermadecensis",9.76179312921261
"Parma mccullochi",5.66702625087077
"Parma microlepis",12.9517833373871
"Parma occidentalis",9.42704215159976
"Parma oligolepis",9.45891299828292
"Parma polylepis",5.17031195546317
"Parma unifasciata",5.99257208882146
"Parma victoriae",7.73239471025854
"Parupeneus barberinoides",20.1033767006213
"Parupeneus barberinus",7.82139791277028
"Parupeneus chrysopleuron",15.0157360186557
"Parupeneus ciliatus",3.28899890486444
"Parupeneus crassilabris",16.9270016541261
"Parupeneus cyclostomus",16.6844481786992
"Parupeneus forsskali",20.3550430305749
"Parupeneus heptacanthus",20.0851372342314
"Parupeneus indicus",19.6540087591776
"Parupeneus insularis",13.8936408430012
"Parupeneus macronemus",9.79233686912807
"Parupeneus multifasciatus",9.5763072683954
"Parupeneus pleurostigma",20.0357235995745
"Parupeneus porphyreus",21.7394225339538
"Parupeneus spilurus",3.45711199810986
"Patagonotothen cornucola",15.8017895185709
"Patagonotothen guntheri",14.9122886271042
"Patagonotothen tessellata",22.8419140203504
"Patagonotothen wiltoni",12.43358000714
"Pelates octolineatus",8.85303584660183
"Pelates quadrilineatus",9.1632582512006
"Pelsartia humeralis",13.4170127159681
"Pempheris adspersa",21.9562128061043
"Pempheris adusta",12.4763640560417
"Pempheris affinis",13.6667336803919
"Pempheris analis",14.0521321154021
"Pempheris compressa",13.9854696311683
"Pempheris klunzingeri",13.9636792565209
"Pempheris mangula",13.58736803576
"Pempheris molucca",13.1755167835793
"Pempheris multiradiata",10.892881697706
"Pempheris ornata",14.3079752265426
"Pempheris oualensis",13.653611891411
"Pempheris schomburgkii",13.644206174782
"Pempheris schwenkii",12.9797212575429
"Pempheris vanicolensis",13.1400000000116
"Pentaceropsis recurvirostris",3.69094904262599
"Pentapodus aureofasciatus",6.84288449619983
"Pentapodus caninus",5.09694458877789
"Pentapodus emeryii",16.4661980919121
"Pentapodus paradiseus",7.4683341454251
"Pentapodus porosus",6.30978902385583
"Pentapodus trivittatus",7.43835395149945
"Pentapodus vitta",10.7242277400904
"Pervagor alternans",6.47173771646832
"Pervagor aspricaudus",4.6696725202329
"Pervagor janthinosoma",7.83875984076909
"Pervagor marginalis",4.29749991997436
"Pervagor melanocephalus",7.11150271988508
"Petroscirtes breviceps",9.07281714443358
"Petroscirtes fallax",8.75457327912847
"Petroscirtes lupus",8.17619019643498
"Petroscirtes mitratus",7.42078536165952
"Phanerodon atripes",2.57707053860379
"Pholidapus dybowskii",17.2829105245788
"Pholidichthys leucotaenia",104.908647770005
"Pholis crassispina",11.6034807214647
"Pholis gunnellus",15.1700628790734
"Phyllogobius platycephalops",22.7953778833389
"Pictichromis paccagnellae",7.40380871334817
"Pictichromis porphyrea",13.2343773622648
"Pictilabrus laticlavius",8.80952870340362
"Pictilabrus viridis",8.60712730047081
"Pinguipes brasilianus",17.126243368565
"Pinguipes chilensis",36.9237997219137
"Plagiotremus azaleus",7.71105634765952
"Plagiotremus ewaensis",9.09604711204551
"Plagiotremus goslinei",7.90692813760226
"Plagiotremus laudandus",8.63007658817843
"Plagiotremus phenax",8.22468718244994
"Plagiotremus rhinorhynchos",8.45265147802574
"Plagiotremus tapeinosoma",8.10296967461485
"Plagiotremus townsendi",8.62321956976115
"Platax batavianus",29.7934984394254
"Platax boersii",14.2030188733893
"Platax orbicularis",10.7543438732372
"Platax pinnatus",14.6404959655664
"Platax teira",7.4554085899318
"Platycephalus bassensis",22.0184429681198
"Platycephalus endrachtensis",29.5691872581176
"Platycephalus fuscus",29.2265871581203
"Platycephalus laevigatus",20.6389995511735
"Platycephalus richardsoni",28.9037465597989
"Platycephalus speculator",24.3867022325663
"Platygillellus rubellulus",21.4300018436669
"Plectorhinchus albovittatus",18.9346906046092
"Plectorhinchus chaetodonoides",9.68701333817263
"Plectorhinchus chrysotaenia",22.6469763653443
"Plectorhinchus diagrammus",15.9649170757263
"Plectorhinchus flavomaculatus",10.5705409398704
"Plectorhinchus gaterinus",18.227775832295
"Plectorhinchus gibbosus",19.3603252317475
"Plectorhinchus lessonii",9.87151948092964
"Plectorhinchus lineatus",13.0154296400431
"Plectorhinchus multivittatus",14.2734094675303
"Plectorhinchus picus",9.25949839817468
"Plectorhinchus polytaenia",10.0890596438457
"Plectorhinchus schotaf",20.8562395308328
"Plectorhinchus vittatus",9.5168503300006
"Plectranthias nanus",9.52681396665396
"Plectroglyphidodon dickii",5.85342709355859
"Plectroglyphidodon flaviventris",6.80020194791602
"Plectroglyphidodon imparipennis",5.3569118806506
"Plectroglyphidodon johnstonianus",6.91536628188657
"Plectroglyphidodon lacrymatus",7.77258507725304
"Plectroglyphidodon leucozonus",6.49604796120296
"Plectroglyphidodon phoenixensis",8.33127588608682
"Plectropomus areolatus",11.8689958053619
"Plectropomus laevis",11.2857218756072
"Plectropomus leopardus",10.4823926664486
"Plectropomus maculatus",12.6179713964752
"Plectropomus oligacanthus",11.5114251887645
"Plectropomus pessuliferus",11.8177724668629
"Pleurosicya elongata",24.1053459151838
"Pleurosicya mossambica",20.0743341334092
"Plotosus canius",32.2884839720496
"Plotosus japonicus",22.0505281766748
"Plotosus lineatus",22.5521142793093
"Pogonoperca punctata",8.82903635029393
"Pollachius pollachius",40.5502463600003
"Pollachius virens",24.8171479300001
"Polysteganus praeorbitalis",13.7009677752388
"Polysteganus undulosus",16.954059765608
"Pomacanthus arcuatus",2.97189626516861
"Pomacanthus imperator",11.690522639449
"Pomacanthus maculosus",7.58649576
"Pomacanthus navarchus",14.4524558909732
"Pomacanthus paru",4.79941340793123
"Pomacanthus semicirculatus",10.4546277794491
"Pomacanthus sexstriatus",9.13912589189748
"Pomacanthus xanthometopon",12.7425937174693
"Pomacanthus zonipectus",8.02004171235568
"Pomacentrus adelus",4.91059474897566
"Pomacentrus albimaculus",5.36763208974927
"Pomacentrus alexanderae",5.27574132831712
"Pomacentrus alleni",7.15073932794409
"Pomacentrus amboinensis",4.53234176341446
"Pomacentrus aurifrons",5.42383479108794
"Pomacentrus auriventris",5.612079176129
"Pomacentrus australis",4.68795681143426
"Pomacentrus baenschi",5.94241575563892
"Pomacentrus bankanensis",5.85269046659822
"Pomacentrus brachialis",5.0857763184952
"Pomacentrus burroughi",5.02318683680682
"Pomacentrus caeruleus",6.78024952690887
"Pomacentrus callainus",6.31324376295225
"Pomacentrus chrysurus",11.4601953605517
"Pomacentrus coelestis",7.05708325372804
"Pomacentrus cuneatus",7.48441709003141
"Pomacentrus grammorhynchus",5.33406780081611
"Pomacentrus imitator",5.10633152736839
"Pomacentrus indicus",8.56170198954544
"Pomacentrus lepidogenys",4.000405994679
"Pomacentrus microspilus",5.52490784033302
"Pomacentrus milleri",8.71289282657787
"Pomacentrus moluccensis",4.58066324137339
"Pomacentrus nagasakiensis",9.78515438700164
"Pomacentrus nigromanus",5.37679095865318
"Pomacentrus nigromarginatus",9.22728173261777
"Pomacentrus opisthostigma",7.7687365396425
"Pomacentrus pavo",6.80264640678811
"Pomacentrus philippinus",5.34612684141069
"Pomacentrus reidi",6.5265144297365
"Pomacentrus simsiang",6.26404274015766
"Pomacentrus smithi",5.06429544775882
"Pomacentrus spilotoceps",4.84131297919041
"Pomacentrus sulfureus",4.74325589977452
"Pomacentrus trichrourus",6.04602159542672
"Pomacentrus trilineatus",6.39888593988764
"Pomacentrus tripunctatus",9.71689361287916
"Pomacentrus vaiuli",4.82293682119067
"Pomacentrus wardi",9.16795648112519
"Pomachromis fuscidorsalis",8.33334508488129
"Pomachromis richardsoni",7.73319923457671
"Pomadasys incisus",23.9553425674404
"Pomatomus saltatrix",19.8527862853912
"Pomatoschistus minutus",16.0186279744251
"Pomatoschistus pictus",15.7599009481515
"Porichthys notatus",14.2878324953888
"Praealticus natalis",7.85820128934258
"Premnas biaculeatus",4.36587023950126
"Priacanthus blochii",17.4066321165824
"Priacanthus hamrur",16.5746498787254
"Priolepis ascensionis",13.4378297254048
"Prionotus miles",9.41248109871049
"Prionurus laticlavius",5.76556914384432
"Prionurus maculatus",11.4452439001717
"Prionurus microlepidotus",15.1477624730747
"Prionurus punctatus",4.44850724994163
"Prionurus scalprum",8.12041477865803
"Pristiapogon exostigma",17.2185389704503
"Pristiapogon fraenatus",16.5692316783642
"Pristiapogon kallopterus",25.7505490989905
"Pristicon trimaculatus",17.5963389151933
"Prognathodes aculeatus",17.1867633772149
"Prognathodes falcifer",11.9190903407243
"Prolatilus jugularis",11.204097850237
"Psammoperca waigiensis",78.8167189999994
"Pseudanthias bicolor",8.35370537532139
"Pseudanthias dispar",6.59473437282762
"Pseudanthias evansi",13.9763154190747
"Pseudanthias hiva",9.81370224103912
"Pseudanthias huchtii",12.8662941232632
"Pseudanthias hypselosoma",10.4832613386316
"Pseudanthias ignitus",12.6110317602745
"Pseudanthias lori",9.92158251401116
"Pseudanthias mooreanus",14.9322703132734
"Pseudanthias olivaceus",13.0492689251234
"Pseudanthias pascalus",12.2179403134362
"Pseudanthias pictilis",23.7598776373565
"Pseudanthias pleurotaenia",15.572769709617
"Pseudanthias regalis",14.5935835187273
"Pseudanthias rubrizonatus",7.24354502473074
"Pseudanthias squamipinnis",9.77430366047978
"Pseudanthias taeniatus",10.1460441466113
"Pseudanthias tuka",13.1574791402891
"Pseudobalistes flavimarginatus",13.6016543500004
"Pseudobalistes fuscus",12.92256201
"Pseudobalistes naufragium",12.2245703299997
"Pseudoblennius cottoides",24.0629107063349
"Pseudocaranx dentex",10.6455605530817
"Pseudocaranx wrighti",12.0693573599079
"Pseudocheilinops ataenia",14.16598794394
"Pseudocheilinus evanidus",23.6568272348735
"Pseudocheilinus hexataenia",21.4846549976551
"Pseudocheilinus ocellatus",20.9536282954036
"Pseudocheilinus octotaenia",20.0396874469439
"Pseudocheilinus tetrataenia",21.8844358314313
"Pseudochromis ammeri",9.87940750803427
"Pseudochromis bitaeniatus",4.44820365315086
"Pseudochromis cyanotaenia",6.16706285442254
"Pseudochromis elongatus",11.0038394255481
"Pseudochromis flavivertex",13.1676787641142
"Pseudochromis fridmani",5.30564645841045
"Pseudochromis fuscus",10.6452380834183
"Pseudochromis marshallensis",5.84711079248812
"Pseudochromis olivaceus",9.99806456779202
"Pseudochromis pesi",12.0021191524943
"Pseudochromis springeri",11.6428024500558
"Pseudochromis wilsoni",11.9281819335338
"Pseudocoris aurantiofasciata",7.31023343849092
"Pseudocoris bleekeri",7.34764428655267
"Pseudocoris yamashiroi",7.98360434322561
"Pseudodax moluccanus",31.5304497699805
"Pseudojuloides atavai",9.41417080727666
"Pseudojuloides cerasinus",9.15965502497219
"Pseudojuloides elongatus",10.6434841690525
"Pseudolabrus biserialis",12.8776663155868
"Pseudolabrus fuentesi",17.3649011930615
"Pseudolabrus guentheri",11.0863015757201
"Pseudolabrus luculentus",6.73176521034561
"Pseudolabrus miles",10.098891138653
"Pseudolabrus rubicundus",22.112274325459
"Pseudolabrus semifasciatus",6.96281807658402
"Pseudolabrus sieboldi",14.2691844702243
"Pseudopercis semifasciata",8.83126580571285
"Pseudophycis bachus",11.9086046500018
"Pseudophycis barbata",15.6563813100014
"Pseudotolithus senegalensis",20.0617678229438
"Pseudupeneus grandisquamis",14.1106887487462
"Pseudupeneus maculatus",12.1417297758256
"Pseudupeneus prayensis",13.950835478893
"Psilotris boehlkei",22.7190297153878
"Pteragogus aurigarius",12.5474176704016
"Pteragogus cryptus",9.93905620516454
"Pteragogus enneacanthus",11.8736197006105
"Pteragogus flagellifer",12.1784100594362
"Pterapogon kauderni",16.6808006621497
"Ptereleotris calliura",21.8124696372531
"Ptereleotris evides",21.3508723106952
"Ptereleotris hanae",23.1278531380061
"Ptereleotris heteroptera",19.3643682373496
"Ptereleotris microlepis",19.1907668815068
"Ptereleotris monoptera",21.9928592662954
"Ptereleotris zebra",20.5007306704752
"Pterocaesio chrysozona",3.60361701739248
"Pterocaesio digramma",3.37097652685428
"Pterocaesio marri",3.59633150362891
"Pterocaesio pisang",4.71229348506447
"Pterocaesio randalli",7.11240635702003
"Pterocaesio tessellata",8.77480184282702
"Pterocaesio tile",7.08965467061053
"Pterocaesio trilineata",4.00501510535063
"Pterogobius zacalles",30.1450814649235
"Pterogymnus laniarius",17.254487009742
"Pterois antennata",11.4666697389097
"Pterois miles",11.4924431237968
"Pterois radiata",11.2910202414855
"Pterois volitans",13.2456596156666
"Pygoplites diacanthus",11.1437107933057
"Quassiremus evionthas",16.3555007502943
"Rachycentron canadum",52.4530005716469
"Rastrelliger kanagurta",15.71791762
"Remora remora",21.25292253
"Repomucenus calcaratus",43.1697989009522
"Rhabdamia gracilis",14.1820865948609
"Rhabdosargus holubi",24.6559427273954
"Rhabdosargus sarba",13.8681212559973
"Rhacochilus toxotes",3.98094314851283
"Rhacochilus vacca",2.72668299386492
"Rhinecanthus aculeatus",4.4729568600001
"Rhinecanthus assasi",4.53891230999998
"Rhinecanthus lunula",6.66668908999965
"Rhinecanthus rectangulus",5.40975142999996
"Rhinecanthus verrucosus",5.11663909000015
"Rhinogobiops nicholsii",19.6716505267884
"Rhinomuraena quaesita",18.9058677459373
"Rhomboplites aurorubens",8.69819929631798
"Rhycherus filamentosus",41.5939206178467
"Rhynchostracion nasus",4.35764052542537
"Ruanoho whero",6.83826835284256
"Rypticus bicolor",16.3308100516371
"Rypticus courtenayi",17.5208912199338
"Rypticus nigripinnis",11.1723599748061
"Rypticus saponaceus",12.3003912186842
"Salarias alboguttatus",8.43577436587922
"Salarias ceramensis",7.93624148471518
"Salarias fasciatus",8.99845307573328
"Salarias guttatus",9.03483040354693
"Salarias segmentatus",8.74354261807934
"Salmo salar",165.530255160001
"Sanopus astrifer",17.6448841123089
"Sanopus reticulatus",11.2207348293092
"Sanopus splendidus",48.710127476813
"Sarda australis",7.69983848000003
"Sarda orientalis",8.56691249999998
"Sarda sarda",24.90919421
"Sardina pilchardus",29.2312469999978
"Sardinella aurita",74.585473999998
"Sardinops sagax",29.2312470000013
"Sargocentron caudimaculatum",7.04443173534666
"Sargocentron cornutum",12.1701983788593
"Sargocentron diadema",6.41741242908266
"Sargocentron hormion",7.92452907176301
"Sargocentron ittodai",5.98020954644132
"Sargocentron melanospilos",5.87131978226879
"Sargocentron microstoma",5.39384115468008
"Sargocentron rubrum",5.94198899685298
"Sargocentron spiniferum",4.11452632999068
"Sargocentron suborbitale",6.3673753132282
"Sargocentron tiere",6.81079542384125
"Sargocentron tiereoides",6.92691306739752
"Sargocentron vexillarium",6.76696830913408
"Sargocentron violaceum",3.43618530176008
"Sarpa salpa",15.4091215758574
"Saurida gracilis",60.2711580014571
"Saurida nebulosa",1.84902239724299
"Scaevius milii",15.9371222265275
"Scartella poiti",8.52752857646838
"Scartella springeri",9.53663242565995
"Scarus altipinnis",2.78466347174416
"Scarus chameleon",3.57775677065853
"Scarus coelestinus",2.50143234007503
"Scarus coeruleus",13.8059316572316
"Scarus compressus",3.12238043899577
"Scarus dimidiatus",2.9162785613071
"Scarus falcipinnis",7.24473418495696
"Scarus ferrugineus",2.69518703489507
"Scarus festivus",3.65764262633212
"Scarus flavipectoralis",4.75525914133186
"Scarus forsteni",3.01422962203907
"Scarus frenatus",3.2585358631465
"Scarus fuscopurpureus",4.44607475477986
"Scarus ghobban",3.10197773038823
"Scarus globiceps",2.65535740705815
"Scarus guacamaia",2.72086824407536
"Scarus hypselopterus",4.21350031407697
"Scarus iseri",2.7462374500908
"Scarus koputea",2.67383417662934
"Scarus longipinnis",4.06515293761281
"Scarus niger",3.15361382756509
"Scarus oviceps",3.04894509870811
"Scarus perrico",7.43416788459998
"Scarus persicus",2.89409884285196
"Scarus prasiognathos",3.39692863982809
"Scarus psittacus",3.74749987859123
"Scarus quoyi",3.41672844467438
"Scarus rivulatus",2.80593059240479
"Scarus rubroviolaceus",2.62811959709903
"Scarus russelii",4.67414085909464
"Scarus scaber",6.47977507809402
"Scarus schlegeli",4.0928339369988
"Scarus spinus",3.65673063597604
"Scarus taeniopterus",2.30545450412995
"Scarus tricolor",3.06106877839087
"Scarus trispinosus",2.49702097001341
"Scarus vetula",9.06860174444236
"Scarus viridifucatus",3.88707529674576
"Scarus xanthopleura",2.60258501148347
"Scarus zelindae",2.57629320455569
"Schuettea scalaripinnis",1.91938404175311
"Schuettea woodwardi",2.72121072226484
"Sciaena umbra",18.8974461599686
"Scobinichthys granulatus",8.24854242211529
"Scolecenchelys breviceps",57.6963775961603
"Scolopsis affinis",12.8056131765837
"Scolopsis aurata",14.6812981416862
"Scolopsis bilineata",24.6260295696565
"Scolopsis ciliata",12.3284252195488
"Scolopsis frenata",22.1167885975098
"Scolopsis ghanam",14.2504764923652
"Scolopsis lineata",14.1236782285226
"Scolopsis margaritifera",19.5625562222509
"Scolopsis monogramma",11.4428963258126
"Scolopsis temporalis",9.50292397684579
"Scolopsis trilineata",14.5296036172392
"Scolopsis vosmeri",12.5897611962896
"Scomber australasicus",4.33251650999956
"Scomber colias",23.10991396
"Scomberoides commersonnianus",8.08928458
"Scomberoides lysan",1.22909787111383
"Scomberoides tol",10.8083624920437
"Scomberomorus commerson",9.17134154255936
"Scomberomorus maculatus",8.13755120532879
"Scomberomorus queenslandicus",5.34000155319041
"Scomberomorus regalis",4.32375737261892
"Scomberomorus sierra",6.46284194000042
"Scombrops boops",42.7660912953387
"Scorpaena ascensionis",9.24623554181515
"Scorpaena canariensis",15.4561959214501
"Scorpaena cardinalis",13.2883716360532
"Scorpaena guttata",14.9532960076987
"Scorpaena histrio",6.81084330471954
"Scorpaena jacksoniensis",8.36853437926595
"Scorpaena maderensis",14.2027559675096
"Scorpaena mellissii",9.90199520830117
"Scorpaena mystes",13.8085320109766
"Scorpaena notata",13.9262338490129
"Scorpaena papillosa",9.18984646873404
"Scorpaena plumieri",15.8223344681921
"Scorpaena porcus",12.9200019239075
"Scorpaena scrofa",12.0089261335437
"Scorpaena sumptuosa",34.966044134943
"Scorpaenichthys marmoratus",17.5503645227033
"Scorpaenodes evides",27.7575126056957
"Scorpaenodes parvipinnis",12.5069049670654
"Scorpaenodes scaber",14.1571782597491
"Scorpaenopsis cirrosa",12.0349837156726
"Scorpaenopsis diabolus",14.2801762251294
"Scorpaenopsis neglecta",8.31184611901402
"Scorpaenopsis oxycephala",12.3014967938735
"Scorpaenopsis papuensis",15.2689672757953
"Scorpaenopsis possi",13.7985659546504
"Scorpis aequipinnis",11.7940032209173
"Scorpis georgiana",10.1042011954397
"Scorpis lineolata",10.0882653867719
"Scorpis violacea",9.75292670623285
"Sebastapistes cyanostigma",15.9417010538585
"Sebastapistes strongia",13.7173596157815
"Sebastes atrovirens",1.96472357446887
"Sebastes auriculatus",4.71904533982449
"Sebastes carnatus",1.81058305180552
"Sebastes caurinus",3.42160101000039
"Sebastes chrysomelas",2.47098463963134
"Sebastes flavidus",3.66466329973301
"Sebastes inermis",10.8466771959718
"Sebastes maliger",7.72348388231461
"Sebastes mystinus",3.41652206471692
"Sebastes oculatus",6.33438829486088
"Sebastes paucispinis",2.89536957635757
"Sebastes pinniger",2.7754299188292
"Sebastes rastrelliger",5.87679016567545
"Sebastes rosaceus",9.84492908704582
"Sebastes serranoides",3.20328478308858
"Sebastes serriceps",4.09877104742061
"Sebastiscus albofasciatus",11.4020181093763
"Sebastiscus marmoratus",10.6593967701686
"Selar boops",11.0736521250473
"Selar crumenophthalmus",12.8152014349343
"Selaroides leptolepis",17.3132093241142
"Semicossyphus darwini",11.5207366373614
"Semicossyphus pulcher",12.4551857118999
"Seriola dumerili",19.9595396865946
"Seriola hippos",10.2543200537726
"Seriola lalandi",9.43065316438179
"Seriola rivoliana",13.0517911117417
"Seriolella brama",22.6598405421192
"Serranocirrhitus latus",14.0380320184988
"Serranus atricauda",7.14570948301235
"Serranus baldwini",9.33553779599348
"Serranus cabrilla",8.64838169326501
"Serranus flaviventris",14.2724078238166
"Serranus psittacinus",9.35404488868322
"Serranus scriba",7.32502965276516
"Serranus socorroensis",14.7709713196068
"Serranus tabacarius",8.95867979498736
"Serranus tico",9.49021520775507
"Serranus tigrinus",10.2791110847131
"Serranus tortugarum",9.55417068470743
"Siganus argenteus",8.67458929563531
"Siganus canaliculatus",7.64979161671898
"Siganus corallinus",1.94932794965674
"Siganus doliatus",2.3676216951792
"Siganus fuscescens",10.6172561428692
"Siganus guttatus",2.68411411840699
"Siganus javus",4.21202517728264
"Siganus lineatus",2.01705858485612
"Siganus luridus",9.05995849948444
"Siganus niger",6.95235325215634
"Siganus puelloides",6.11778657872241
"Siganus puellus",3.95500638358406
"Siganus punctatissimus",2.96422197684614
"Siganus punctatus",1.29218036746525
"Siganus rivulatus",8.58702761773241
"Siganus spinus",22.725044537385
"Siganus stellatus",1.56214745611178
"Siganus trispilos",7.3440408416121
"Siganus vermiculatus",4.05158574235736
"Siganus virgatus",3.28103076078682
"Siganus vulpinus",2.43207999543461
"Signigobius biocellatus",19.9653002429488
"Sillaginodes punctatus",36.7408274379897
"Sillago ciliata",39.8667347053239
"Sillago schomburgkii",44.0844061608267
"Siphamia cephalotes",16.6419058014953
"Siphamia roseigaster",13.4355823781996
"Siphamia tubifer",14.9163029347566
"Siphonognathus argyrophanes",13.0938082743437
"Siphonognathus attenuatus",10.4964170034283
"Siphonognathus beddomei",12.3595054493144
"Siphonognathus caninis",13.3876270511614
"Siphonognathus radiatus",12.1146361035734
"Sparisoma amplum",12.6136855271733
"Sparisoma atomarium",12.3284878849438
"Sparisoma aurofrenatum",12.1898691107626
"Sparisoma axillare",11.6726625908693
"Sparisoma chrysopterum",8.62086802379935
"Sparisoma cretense",12.3245157739083
"Sparisoma frondosum",10.2600302035559
"Sparisoma radians",12.8958981951679
"Sparisoma rubripinne",11.8291435841179
"Sparisoma viride",12.6199637405117
"Sparodon durbanensis",14.4779541969075
"Sphaeramia nematoptera",18.7636086954606
"Sphoeroides annulatus",31.8833411481087
"Sphoeroides lobatus",15.3521589673662
"Sphoeroides marmoratus",24.2902693692301
"Sphoeroides spengleri",18.3767674273634
"Sphyraena barracuda",38.2150416189329
"Sphyraena ensis",29.4381680492607
"Sphyraena flavicauda",32.7893942602085
"Sphyraena helleri",24.1501254338543
"Sphyraena idiastes",25.5910155738663
"Sphyraena jello",33.4123727220708
"Sphyraena novaehollandiae",29.7170589486892
"Sphyraena obtusata",35.1265474348931
"Sphyraena putnamae",28.0337743210301
"Sphyraena qenie",29.2081404506348
"Sphyraena viridensis",27.8623757042313
"Spicara maena",13.8919683684248
"Spondyliosoma cantharus",13.0154344326102
"Spondyliosoma emarginatum",11.1137906366481
"Spratelloides gracilis",76.6225920000023
"Spratelloides robustus",76.62259147
"Springeratus polyporatus",20.0808109028599
"Squamicreedia obtusa",16.4232309942519
"Stanulus talboti",8.92932207250891
"Starksia galapagensis",17.5383910400259
"Stegastes acapulcoensis",5.74813024808636
"Stegastes adustus",5.65230126095451
"Stegastes albifasciatus",7.30332936400758
"Stegastes altus",6.81698583218994
"Stegastes apicalis",5.78545514084524
"Stegastes arcifrons",7.00950138062393
"Stegastes aureus",6.78607921369231
"Stegastes beebei",7.31190500114808
"Stegastes diencaeus",7.85584748931006
"Stegastes emeryi",6.50333233323061
"Stegastes fasciolatus",8.48146976269392
"Stegastes flavilatus",5.70809158702615
"Stegastes fuscus",7.32501720146133
"Stegastes gascoynei",6.55527450855118
"Stegastes insularis",7.21697377450016
"Stegastes leucorus",5.67516675422497
"Stegastes leucostictus",7.18765853869932
"Stegastes nigricans",7.42831548385376
"Stegastes obreptus",5.14435743794824
"Stegastes partitus",6.00030479331704
"Stegastes pictus",7.47945867214501
"Stegastes planifrons",5.70186737309403
"Stegastes punctatus",7.28162634150597
"Stegastes rectifraenum",6.30152143844087
"Stegastes redemptus",4.30878912701691
"Stegastes variabilis",7.025182654228
"Stephanolepis cirrhifer",8.65935389844988
"Stephanolepis hispidus",6.19626154693483
"Stereolepis gigas",9.73809993538548
"Stethojulis albovittata",11.3364138202188
"Stethojulis balteata",10.8378525506449
"Stethojulis bandanensis",12.8635344761421
"Stethojulis interrupta",9.52378133415654
"Stethojulis marquesensis",10.556441784436
"Stethojulis strigiventer",9.87649650580018
"Stethojulis terina",11.5728534062767
"Stethojulis trilineata",10.6011134381525
"Stichaeus punctatus punctatus",13.3822406326931
"Stygnobrotula latebricola",14.0362715062462
"Suezichthys arquatus",9.86857301098181
"Suezichthys aylingi",7.06342283075583
"Suezichthys cyanolaemus",12.1538440255325
"Suezichthys devisi",6.41497847568539
"Sufflamen albicaudatum",1.23776514999997
"Sufflamen bursa",5.87251183
"Sufflamen chrysopterum",1.33675336000013
"Sufflamen fraenatum",5.55220913
"Sufflamen verres",5.29084572999998
"Symphodus cinereus",6.84962110226558
"Symphodus doderleini",5.86284394067386
"Symphodus mediterraneus",7.18783745258895
"Symphodus melops",6.42996300557507
"Symphodus ocellatus",6.78131169980806
"Symphodus roissali",7.54779040932563
"Symphodus rostratus",8.01749192022007
"Symphodus tinca",6.02322886558054
"Symphorichthys spilurus",10.8259078943076
"Symphorus nematophorus",12.7776190377853
"Synanceia horrida",24.4064578995444
"Synanceia verrucosa",23.4985238748351
"Synchiropus bartelsi",19.2988214112985
"Synchiropus morrisoni",17.4233350318509
"Synchiropus moyeri",18.7722861615398
"Synchiropus splendidus",24.0351244884026
"Synchiropus stellatus",15.7376549851395
"Synchirus gilli",20.0748584108397
"Synodus binotatus",25.6520278442002
"Synodus capricornis",6.71054345787975
"Synodus dermatogenys",20.4035559427183
"Synodus doaki",46.1547964890864
"Synodus intermedius",35.7548266842221
"Synodus jaculum",18.6124146347707
"Synodus lacertinus",24.7088685942724
"Synodus rubromarmoratus",21.7936659103872
"Synodus sageneus",22.5762881871618
"Synodus saurus",28.0626805064188
"Synodus synodus",26.889911216452
"Synodus ulae",62.5946888144106
"Synodus variegatus",21.6135248473114
"Taenianotus triacanthus",19.7255486187507
"Taurulus bubalis",22.7511795726435
"Tautoga onitis",4.29530704779603
"Tautogolabrus adspersus",3.36337894839052
"Tetractenos glaber",17.132316091392
"Thalassoma amblycephalum",4.96694651006954
"Thalassoma bifasciatum",6.24199998676024
"Thalassoma cupido",6.8336188852011
"Thalassoma duperrey",6.55282925415796
"Thalassoma grammaticum",5.92055908831959
"Thalassoma hardwicke",9.832861475153
"Thalassoma hebraicum",8.68317044644183
"Thalassoma heiseri",10.5302394595481
"Thalassoma jansenii",9.67325187282274
"Thalassoma lucasanum",5.02926984717918
"Thalassoma lunare",5.88040322424297
"Thalassoma lutescens",8.30517001598847
"Thalassoma nigrofasciatum",8.9918788090792
"Thalassoma pavo",11.38116516724
"Thalassoma purpureum",6.09594145665794
"Thalassoma quinquevittatum",9.55816553346387
"Thalassoma robertsoni",4.57455303589812
"Thalassoma rueppellii",7.07546332014535
"Thalassoma septemfasciatum",11.4754610449112
"Thalassoma trilobatum",5.84472299053582
"Thalassoma virens",5.6732271398174
"Thamnaconus analis",7.8878339940107
"Thorogobius ephippiatus",29.8509250413293
"Thunnus albacares",10.9857965499997
"Thyrsites atun",35.517949460384
"Thysanophrys cirronasa",29.7894808796113
"Tigrigobius nesiotes",26.7733191908595
"Tigrigobius saucrus",26.4536140215667
"Tilodon sexfasciatus",5.71658480854231
"Tomicodon bidens",15.691273001765
"Torquigener pleurogramma",18.8594195076503
"Torquigener squamicauda",17.3160089867319
"Totoaba macdonaldi",26.0790301370543
"Trachichthys australis",44.994471414683
"Trachinops brauni",7.70020987037229
"Trachinops caudimaculatus",7.71186204906623
"Trachinops noarlungae",5.94470737222633
"Trachinops taeniatus",7.43062993712095
"Trachinotus anak",3.10993740279156
"Trachinotus baillonii",15.966382984971
"Trachinotus blochii",11.8165973543762
"Trachinotus ovatus",5.12945538767351
"Trachinotus rhodopus",16.5468751322228
"Trachinotus stilbe",17.1380012926185
"Trachinus draco",21.7713046424434
"Trachurus declivis",5.60199223822158
"Trachurus indicus",11.0178247866547
"Trachurus japonicus",5.99317414028488
"Trachurus mediterraneus",8.18636034803171
"Trachurus novaezelandiae",4.57574842605428
"Trachurus symmetricus",11.6716695731995
"Trachurus trachurus",10.2363417983505
"Trachypoma macracanthus",8.5541814105995
"Tragulichthys jaculiferus",3.18846600548712
"Trianectes bucephalus",7.88296514988584
"Tridentiger trigonocephalus",31.9606757563872
"Trimma benjamini",19.0840313664387
"Trimma caesiura",17.5820687559779
"Trimma lantana",17.5148549090617
"Trimma okinawae",19.5339343561426
"Trimma striatum",21.3654887274862
"Trinorfolkia clarkei",32.9154188724217
"Trinorfolkia cristata",13.4667592829684
"Tripterygion delaisi",12.2880724528801
"Tripterygion melanurum",12.3578901947091
"Trisopterus minutus",17.7675580200012
"Tylosurus crocodilus crocodilus",48.5363620199992
"Ucla xenogrammus",6.49143632562146
"Ulua mentalis",15.7497955327281
"Umbrina galapagorum",25.3397779918016
"Upeneichthys lineatus",11.3918827455033
"Upeneichthys vlamingii",9.91901880030186
"Upeneus moluccensis",21.5008365266241
"Upeneus tragula",26.4952394817609
"Uraspis helvola",12.6310216262845
"Valenciennea alleni",16.3423027488855
"Valenciennea helsdingenii",20.79183220025
"Valenciennea immaculata",25.7422917502233
"Valenciennea longipinnis",18.4434529312221
"Valenciennea muralis",18.3420570481104
"Valenciennea parva",18.1163631297251
"Valenciennea puellaris",18.4471748180517
"Valenciennea randalli",24.6613381412313
"Valenciennea sexguttata",16.961082188012
"Valenciennea strigata",17.8570393739287
"Variola albimarginata",11.2341226426891
"Variola louti",11.2900336224481
"Vincentia conspersa",24.4602423315919
"Vincentia novaehollandiae",26.6271551434136
"Vladichthys gloverensis",14.053729623619
"Xanthichthys mento",16.2735189299993
"Xenichthys agassizii",29.0717734315383
"Xenocys jessiae",26.517620727778
"Xyrichtys novacula",16.8572770349124
"Xyrichtys victori",16.3153353103103
"Xyrichtys wellingtoni",16.6619567132552
"Zabidius novemaculeatus",5.34507539455485
"Zanclistius elevatus",13.4467481645223
"Zanclus cornutus",50.9526126571029
"Zebrasoma desjardinii",8.57586533069676
"Zebrasoma flavescens",6.37784358313391
"Zebrasoma rostratum",7.98234674755545
"Zebrasoma scopas",3.57716005038556
"Zebrasoma velifer",9.18964447399654
"Zebrasoma xanthurum",5.14652376292215
"Zeus faber",112.30372
"Zoarchias veneficus",18.1370290499997
"Zoramia fragilis",16.5311992979946
"Zoramia leptacantha",15.2592962862516
"Zoramia viridiventer",17.5244729495804
"Centrolabrus melanocercus",NA
"Chelon auratus",NA
"Chelon ramada",NA
"Chelon richardsonii",NA
"Chrysiptera caesifrons",NA
"Diplodus argenteus",NA
"Diplodus cervinus",NA
"Diplodus sargus",NA
"Elacatinus cayman",NA
"Elacatinus centralis",NA
"Gobioclinus dendriticus",NA
"Kyphosus azureus",NA
"Kyphosus ocyurus",NA
"Lactophrys triqueter",NA
"Monotaxis heterodon",NA
"Ostorhinchus capricornis",NA
"Ostorhinchus doederleini",NA
"Ostorhinchus flavus",NA
"Ostorhinchus limenus",NA
"Ostorhinchus norfolcensis",NA
"Ostorhinchus notatus",NA
"Ostorhinchus urostigmus",NA
"Ostorhinchus victoriae",NA
"Pagrus auratus",NA
"Plectorhinchus caeruleonothus",NA
"Pseudocaranx georgianus",NA
"Scolopsis xenochrous",NA
"Symphodus trutta",NA
"Taeniamia fucata",NA
"Taeniamia leai",NA
"Taeniamia zosterophora",NA
"Tigrigobius harveyi",NA
"Tigrigobius redimiculus",NA
"Verulux cypselurus",NA
